                                                                        S      1
,,28HKidslab Ecke Hinten Links v3,28HKidslab Ecke Hinten Links v3,7HunknG      1
own,7Hunknown,32,38,7,99,15,,1.,2,2HMM,1,0.08,15H20260524.155531,0.01,  G      2
10000.,7Hunknown,7Hunknown,11,0,15H20260508.154758;                     G      3
     124       1                                                00000000D      1
     124                       4       0                               0D      2
     408       5                                                00000001D      3
     408       0               1       0                               0D      4
     408       6                                                00000001D      5
     408       0               1       0                               0D      6
     408       7                                       1        00000001D      7
     408       0               1       0                               0D      8
     308       8                                                00010200D      9
     308       0               1       0                               0D     10
     308       9                                                00010200D     11
     308       0               1       0                               0D     12
     186      10                                                00010000D     13
     186            -685       1       0                               0D     14
     186      11                                                00010000D     15
     186            -685       1       0                               0D     16
     514      12                                                00010000D     17
     514                       2       1                               0D     18
     514      14                                                00010000D     19
     514                       3       1                               0D     20
     510      17                                                00010000D     21
     510            -685       1       1                               0D     22
     510      18                                                00010000D     23
     510            -685       1       1                               0D     24
     510      19                                                00010000D     25
     510            -685       1       1                               0D     26
     510      20                                                00010000D     27
     510            -685       1       1                               0D     28
     510      21                                                00010000D     29
     510            -685       1       1                               0D     30
     510      22                                                00010000D     31
     510            -685       1       1                               0D     32
     510      23                                                00010000D     33
     510            -685       1       1                               0D     34
     510      24                                                00010000D     35
     510            -685       1       1                               0D     36
     510      25                                                00010000D     37
     510            -685       1       1                               0D     38
     510      26                                                00010000D     39
     510            -685       1       1                               0D     40
     510      27                                                00010000D     41
     510            -685       1       1                               0D     42
     510      28                                                00010000D     43
     510            -685       1       1                               0D     44
     510      29                                                00010000D     45
     510            -685       1       1                               0D     46
     510      30                                                00010000D     47
     510            -685       1       1                               0D     48
     510      31                                                00010000D     49
     510            -685       1       1                               0D     50
     510      32                                                00010000D     51
     510            -685       1       1                               0D     52
     510      33                                                00010000D     53
     510            -685       1       1                               0D     54
     510      34                                                00010000D     55
     510            -685       1       1                               0D     56
     510      35                                                00010000D     57
     510            -685       1       1                               0D     58
     510      36                                                00010000D     59
     510            -685       1       1                               0D     60
     510      37                                                00010000D     61
     510            -685       1       1                               0D     62
     510      38                                                00010000D     63
     510            -685       1       1                               0D     64
     510      39                                                00010000D     65
     510            -685       1       1                               0D     66
     510      40                                                00010000D     67
     510            -685       1       1                               0D     68
     510      41                                                00010000D     69
     510            -685       1       1                               0D     70
     510      42                                                00010000D     71
     510            -685       1       1                               0D     72
     510      43                                                00010000D     73
     510            -685       1       1                               0D     74
     510      44                                                00010000D     75
     510            -685       1       1                               0D     76
     510      45                                                00010000D     77
     510            -685       1       1                               0D     78
     510      46                                                00010000D     79
     510            -685       1       1                               0D     80
     510      47                                                00010000D     81
     510            -685       1       1                               0D     82
     510      48                                                00010000D     83
     510            -685       1       1                               0D     84
     510      49                                                00010000D     85
     510            -685       1       1                               0D     86
     510      50                                                00010000D     87
     510            -685       1       1                               0D     88
     510      51                                                00010000D     89
     510            -685       1       1                               0D     90
     510      52                                                00010000D     91
     510            -685       1       1                               0D     92
     510      53                                                00010000D     93
     510            -685       1       1                               0D     94
     510      54                                                00010000D     95
     510            -685       1       1                               0D     96
     510      55                                                00010000D     97
     510            -685       1       1                               0D     98
     510      56                                                00010000D     99
     510            -685       1       1                               0D    100
     510      57                                                00010000D    101
     510            -685       1       1                               0D    102
     510      58                                                00010000D    103
     510            -685       1       1                               0D    104
     510      59                                                00010000D    105
     510            -685       1       1                               0D    106
     510      60                                                00010000D    107
     510            -685       1       1                               0D    108
     510      61                                                00010000D    109
     510            -685       1       1                               0D    110
     510      62                                                00010000D    111
     510            -685       1       1                               0D    112
     510      63                                                00010000D    113
     510            -685       1       1                               0D    114
     510      64                                                00010000D    115
     510            -685       1       1                               0D    116
     510      65                                                00010000D    117
     510            -685       1       1                               0D    118
     510      66                                                00010000D    119
     510            -685       1       1                               0D    120
     510      67                                                00010000D    121
     510            -685       1       1                               0D    122
     510      68                                                00010000D    123
     510            -685       1       1                               0D    124
     510      69                                                00010000D    125
     510            -685       1       1                               0D    126
     510      70                                                00010000D    127
     510            -685       1       1                               0D    128
     510      71                                                00010000D    129
     510            -685       1       1                               0D    130
     510      72                                                00010000D    131
     510            -685       1       1                               0D    132
     508      73                                                00010000D    133
     508                       1       1                               0D    134
     508      74                                                00010000D    135
     508                       1       1                               0D    136
     508      75                                                00010000D    137
     508                       1       1                               0D    138
     508      76                                                00010000D    139
     508                       1       1                               0D    140
     508      77                                                00010000D    141
     508                       1       1                               0D    142
     508      78                                                00010000D    143
     508                       4       1                               0D    144
     508      82                                                00010000D    145
     508                       2       1                               0D    146
     508      84                                                00010000D    147
     508                       1       1                               0D    148
     508      85                                                00010000D    149
     508                       1       1                               0D    150
     508      86                                                00010000D    151
     508                       1       1                               0D    152
     508      87                                                00010000D    153
     508                       1       1                               0D    154
     508      88                                                00010000D    155
     508                       1       1                               0D    156
     508      89                                                00010000D    157
     508                       1       1                               0D    158
     508      90                                                00010000D    159
     508                       4       1                               0D    160
     508      94                                                00010000D    161
     508                       2       1                               0D    162
     508      96                                                00010000D    163
     508                       1       1                               0D    164
     508      97                                                00010000D    165
     508                       1       1                               0D    166
     508      98                                                00010000D    167
     508                       2       1                               0D    168
     508     100                                                00010000D    169
     508                       1       1                               0D    170
     508     101                                                00010000D    171
     508                       1       1                               0D    172
     508     102                                                00010000D    173
     508                       1       1                               0D    174
     508     103                                                00010000D    175
     508                       1       1                               0D    176
     508     104                                                00010000D    177
     508                       1       1                               0D    178
     508     105                                                00010000D    179
     508                       1       1                               0D    180
     508     106                                                00010000D    181
     508                       1       1                               0D    182
     508     107                                                00010000D    183
     508                       1       1                               0D    184
     508     108                                                00010000D    185
     508                       1       1                               0D    186
     508     109                                                00010000D    187
     508                       1       1                               0D    188
     508     110                                                00010000D    189
     508                       1       1                               0D    190
     508     111                                                00010000D    191
     508                       1       1                               0D    192
     508     112                                                00010000D    193
     508                       1       1                               0D    194
     508     113                                                00010000D    195
     508                       1       1                               0D    196
     508     114                                                00010000D    197
     508                       1       1                               0D    198
     508     115                                                00010000D    199
     508                       1       1                               0D    200
     508     116                                                00010000D    201
     508                       1       1                               0D    202
     508     117                                                00010000D    203
     508                       6       1                               0D    204
     508     123                                                00010000D    205
     508                       1       1                               0D    206
     508     124                                                00010000D    207
     508                       1       1                               0D    208
     508     125                                                00010000D    209
     508                       1       1                               0D    210
     508     126                                                00010000D    211
     508                       1       1                               0D    212
     508     127                                                00010000D    213
     508                       1       1                               0D    214
     508     128                                                00010000D    215
     508                       6       1                               0D    216
     508     134                                                00010000D    217
     508                       2       1                               0D    218
     508     136                                                00010000D    219
     508                       1       1                               0D    220
     508     137                                                00010000D    221
     508                       1       1                               0D    222
     508     138                                                00010000D    223
     508                       1       1                               0D    224
     508     139                                                00010000D    225
     508                       1       1                               0D    226
     508     140                                                00010000D    227
     508                       2       1                               0D    228
     508     142                                                00010000D    229
     508                       1       1                               0D    230
     508     143                                                00010000D    231
     508                       1       1                               0D    232
     508     144                                                00010000D    233
     508                       1       1                               0D    234
     508     145                                                00010000D    235
     508                       1       1                               0D    236
     508     146                                                00010000D    237
     508                       1       1                               0D    238
     508     147                                                00010000D    239
     508                       1       1                               0D    240
     508     148                                                00010000D    241
     508                       1       1                               0D    242
     508     149                                                00010000D    243
     508                       1       1                               0D    244
     126     150                                                00010000D    245
     126       0               2       0                               0D    246
     126     152                                                00010000D    247
     126       0               3       0                               0D    248
     126     155                                                00010000D    249
     126       0               2       0                               0D    250
     126     157                                                00010000D    251
     126       0               3       0                               0D    252
     126     160                                                00010000D    253
     126       0               6       0                               0D    254
     126     166                                                00010000D    255
     126       0               2       0                               0D    256
     126     168                                                00010000D    257
     126       0               6       0                               0D    258
     126     174                                                00010000D    259
     126       0               3       0                               0D    260
     126     177                                                00010000D    261
     126       0              10       0                               0D    262
     126     187                                                00010000D    263
     126       0              10       0                               0D    264
     126     197                                                00010000D    265
     126       0               3       0                               0D    266
     126     200                                                00010000D    267
     126       0               6       0                               0D    268
     126     206                                                00010000D    269
     126       0               5       0                               0D    270
     126     211                                                00010000D    271
     126       0               2       0                               0D    272
     126     213                                                00010000D    273
     126       0               3       0                               0D    274
     126     216                                                00010000D    275
     126       0               4       0                               0D    276
     126     220                                                00010000D    277
     126       0               2       0                               0D    278
     126     222                                                00010000D    279
     126       0               2       0                               0D    280
     126     224                                                00010000D    281
     126       0               2       0                               0D    282
     126     226                                                00010000D    283
     126       0               2       0                               0D    284
     126     228                                                00010000D    285
     126       0               3       0                               0D    286
     126     231                                                00010000D    287
     126       0               4       0                               0D    288
     126     235                                                00010000D    289
     126       0              10       0                               0D    290
     126     245                                                00010000D    291
     126       0               5       0                               0D    292
     126     250                                                00010000D    293
     126       0               3       0                               0D    294
     126     253                                                00010000D    295
     126       0               2       0                               0D    296
     126     255                                                00010000D    297
     126       0               2       0                               0D    298
     126     257                                                00010000D    299
     126       0               2       0                               0D    300
     126     259                                                00010000D    301
     126       0               2       0                               0D    302
     126     261                                                00010000D    303
     126       0               4       0                               0D    304
     126     265                                                00010000D    305
     126       0               2       0                               0D    306
     126     267                                                00010000D    307
     126       0               2       0                               0D    308
     126     269                                                00010000D    309
     126       0               2       0                               0D    310
     126     271                                                00010000D    311
     126       0               2       0                               0D    312
     126     273                                                00010000D    313
     126       0               2       0                               0D    314
     126     275                                                00010000D    315
     126       0               2       0                               0D    316
     126     277                                                00010000D    317
     126       0               3       0                               0D    318
     126     280                                                00010000D    319
     126       0               4       0                               0D    320
     126     284                                                00010000D    321
     126       0               3       0                               0D    322
     126     287                                                00010000D    323
     126       0               2       0                               0D    324
     126     289                                                00010000D    325
     126       0               9       0                               0D    326
     126     298                                                00010000D    327
     126       0               3       0                               0D    328
     126     301                                                00010000D    329
     126       0               5       0                               0D    330
     126     306                                                00010000D    331
     126       0               2       0                               0D    332
     126     308                                                00010000D    333
     126       0               3       0                               0D    334
     126     311                                                00010000D    335
     126       0               2       0                               0D    336
     126     313                                                00010000D    337
     126       0               2       0                               0D    338
     126     315                                                00010000D    339
     126       0               2       0                               0D    340
     126     317                                                00010000D    341
     126       0               2       0                               0D    342
     126     319                                                00010000D    343
     126       0               2       0                               0D    344
     126     321                                                00010000D    345
     126       0               2       0                               0D    346
     126     323                                                00010000D    347
     126       0               4       0                               0D    348
     126     327                                                00010000D    349
     126       0               2       0                               0D    350
     126     329                                                00010000D    351
     126       0               2       0                               0D    352
     126     331                                                00010000D    353
     126       0               2       0                               0D    354
     126     333                                                00010000D    355
     126       0               4       0                               0D    356
     126     337                                                00010000D    357
     126       0               2       0                               0D    358
     126     339                                                00010000D    359
     126       0               2       0                               0D    360
     126     341                                                00010000D    361
     126       0               2       0                               0D    362
     126     343                                                00010000D    363
     126       0               2       0                               0D    364
     126     345                                                00010000D    365
     126       0               2       0                               0D    366
     126     347                                                00010000D    367
     126       0               2       0                               0D    368
     126     349                                                00010000D    369
     126       0               2       0                               0D    370
     126     351                                                00010000D    371
     126       0               3       0                               0D    372
     126     354                                                00010000D    373
     126       0               2       0                               0D    374
     126     356                                                00010000D    375
     126       0               3       0                               0D    376
     126     359                                                00010000D    377
     126       0               6       0                               0D    378
     126     365                                                00010000D    379
     126       0               2       0                               0D    380
     126     367                                                00010000D    381
     126       0               6       0                               0D    382
     126     373                                                00010000D    383
     126       0               3       0                               0D    384
     126     376                                                00010000D    385
     126       0              10       0                               0D    386
     126     386                                                00010000D    387
     126       0              11       0                               0D    388
     126     397                                                00010000D    389
     126       0               3       0                               0D    390
     126     400                                                00010000D    391
     126       0               6       0                               0D    392
     126     406                                                00010000D    393
     126       0               6       0                               0D    394
     126     412                                                00010000D    395
     126       0               2       0                               0D    396
     126     414                                                00010000D    397
     126       0               4       0                               0D    398
     126     418                                                00010000D    399
     126       0               4       0                               0D    400
     126     422                                                00010000D    401
     126       0               2       0                               0D    402
     126     424                                                00010000D    403
     126       0               2       0                               0D    404
     126     426                                                00010000D    405
     126       0               2       0                               0D    406
     126     428                                                00010000D    407
     126       0               2       0                               0D    408
     126     430                                                00010000D    409
     126       0               2       0                               0D    410
     126     432                                                00010000D    411
     126       0               2       0                               0D    412
     126     434                                                00010000D    413
     126       0               3       0                               0D    414
     126     437                                                00010000D    415
     126       0               2       0                               0D    416
     126     439                                                00010000D    417
     126       0               3       0                               0D    418
     126     442                                                00010000D    419
     126       0               6       0                               0D    420
     126     448                                                00010000D    421
     126       0               2       0                               0D    422
     126     450                                                00010000D    423
     126       0               6       0                               0D    424
     126     456                                                00010000D    425
     126       0               3       0                               0D    426
     126     459                                                00010000D    427
     126       0              10       0                               0D    428
     126     469                                                00010000D    429
     126       0              11       0                               0D    430
     126     480                                                00010000D    431
     126       0               3       0                               0D    432
     126     483                                                00010000D    433
     126       0               6       0                               0D    434
     126     489                                                00010000D    435
     126       0               6       0                               0D    436
     126     495                                                00010000D    437
     126       0               2       0                               0D    438
     126     497                                                00010000D    439
     126       0               4       0                               0D    440
     126     501                                                00010000D    441
     126       0               4       0                               0D    442
     126     505                                                00010000D    443
     126       0               2       0                               0D    444
     126     507                                                00010000D    445
     126       0               3       0                               0D    446
     126     510                                                00010000D    447
     126       0               5       0                               0D    448
     126     515                                                00010000D    449
     126       0               9       0                               0D    450
     126     524                                                00010000D    451
     126       0               4       0                               0D    452
     126     528                                                00010000D    453
     126       0               3       0                               0D    454
     126     531                                                00010000D    455
     126       0               2       0                               0D    456
     126     533                                                00010000D    457
     126       0               2       0                               0D    458
     126     535                                                00010000D    459
     126       0               2       0                               0D    460
     126     537                                                00010000D    461
     126       0               4       0                               0D    462
     126     541                                                00010000D    463
     126       0               6       0                               0D    464
     126     547                                                00010000D    465
     126       0              11       0                               0D    466
     126     558                                                00010000D    467
     126       0               6       0                               0D    468
     126     564                                                00010000D    469
     126       0               3       0                               0D    470
     126     567                                                00010000D    471
     126       0               2       0                               0D    472
     126     569                                                00010000D    473
     126       0               2       0                               0D    474
     126     571                                                00010000D    475
     126       0               2       0                               0D    476
     126     573                                                00010000D    477
     126       0               5       0                               0D    478
     126     578                                                00010000D    479
     126       0               3       0                               0D    480
     126     581                                                00010000D    481
     126       0              11       0                               0D    482
     126     592                                                00010000D    483
     126       0               3       0                               0D    484
     126     595                                                00010000D    485
     126       0               6       0                               0D    486
     126     601                                                00010000D    487
     126       0               2       0                               0D    488
     126     603                                                00010000D    489
     126       0               2       0                               0D    490
     126     605                                                00010000D    491
     126       0               3       0                               0D    492
     126     608                                                00010000D    493
     126       0               2       0                               0D    494
     126     610                                                00010000D    495
     126       0               3       0                               0D    496
     126     613                                                00010000D    497
     126       0               2       0                               0D    498
     126     615                                                00010000D    499
     126       0               2       0                               0D    500
     126     617                                                00010000D    501
     126       0               2       0                               0D    502
     126     619                                                00010000D    503
     126       0               2       0                               0D    504
     126     621                                                00010000D    505
     126       0               2       0                               0D    506
     126     623                                                00010000D    507
     126       0               4       0                               0D    508
     126     627                                                00010000D    509
     126       0               4       0                               0D    510
     126     631                                                00010000D    511
     126       0              10       0                               0D    512
     126     641                                                00010000D    513
     126       0               5       0                               0D    514
     126     646                                                00010000D    515
     126       0               3       0                               0D    516
     126     649                                                00010000D    517
     126       0               2       0                               0D    518
     126     651                                                00010000D    519
     126       0               2       0                               0D    520
     126     653                                                00010000D    521
     126       0               4       0                               0D    522
     126     657                                                00010000D    523
     126       0               2       0                               0D    524
     126     659                                                00010000D    525
     126       0               2       0                               0D    526
     126     661                                                00010000D    527
     126       0               4       0                               0D    528
     126     665                                                00010000D    529
     126       0               2       0                               0D    530
     126     667                                                00010000D    531
     126       0               2       0                               0D    532
     126     669                                                00010000D    533
     126       0               2       0                               0D    534
     126     671                                                00010000D    535
     126       0               2       0                               0D    536
     126     673                                                00010000D    537
     126       0               2       0                               0D    538
     126     675                                                00010000D    539
     126       0               2       0                               0D    540
     126     677                                                00010000D    541
     126       0               2       0                               0D    542
     126     679                                                00010000D    543
     126       0               2       0                               0D    544
     126     681                                                00010000D    545
     126       0               2       0                               0D    546
     126     683                                                00010000D    547
     126       0               2       0                               0D    548
     126     685                                                00010000D    549
     126       0               3       0                               0D    550
     126     688                                                00010000D    551
     126       0               2       0                               0D    552
     126     690                                                00010000D    553
     126       0               3       0                               0D    554
     128     693                                                00010000D    555
     128       0    -685       4       0                               0D    556
     128     697                                                00010000D    557
     128       0    -685       8       0                               0D    558
     128     705                                                00010000D    559
     128       0    -685      16       0                               0D    560
     128     721                                                00010000D    561
     128       0    -685       9       0                               0D    562
     128     730                                                00010000D    563
     128       0    -685       5       0                               0D    564
     128     735                                                00010000D    565
     128       0    -685       5       0                               0D    566
     128     740                                                00010000D    567
     128       0    -685       3       0                               0D    568
     128     743                                                00010000D    569
     128       0    -685       4       0                               0D    570
     128     747                                                00010000D    571
     128       0    -685       4       0                               0D    572
     128     751                                                00010000D    573
     128       0    -685       9       0                               0D    574
     128     760                                                00010000D    575
     128       0    -685      16       0                               0D    576
     128     776                                                00010000D    577
     128       0    -685       9       0                               0D    578
     128     785                                                00010000D    579
     128       0    -685       5       0                               0D    580
     128     790                                                00010000D    581
     128       0    -685       5       0                               0D    582
     128     795                                                00010000D    583
     128       0    -685       4       0                               0D    584
     128     799                                                00010000D    585
     128       0    -685       6       0                               0D    586
     128     805                                                00010000D    587
     128       0    -685       6       0                               0D    588
     128     811                                                00010000D    589
     128       0    -685       4       0                               0D    590
     128     815                                                00010000D    591
     128       0    -685       3       0                               0D    592
     128     818                                                00010000D    593
     128       0    -685       3       0                               0D    594
     128     821                                                00010000D    595
     128       0    -685       4       0                               0D    596
     128     825                                                00010000D    597
     128       0    -685       4       0                               0D    598
     128     829                                                00010000D    599
     128       0    -685       4       0                               0D    600
     128     833                                                00010000D    601
     128       0    -685       4       0                               0D    602
     128     837                                                00010000D    603
     128       0    -685       8       0                               0D    604
     128     845                                                00010000D    605
     128       0    -685      16       0                               0D    606
     128     861                                                00010000D    607
     128       0    -685       9       0                               0D    608
     128     870                                                00010000D    609
     128       0    -685       5       0                               0D    610
     128     875                                                00010000D    611
     128       0    -685       3       0                               0D    612
     128     878                                                00010000D    613
     128       0    -685       3       0                               0D    614
     128     881                                                00010000D    615
     128       0    -685       4       0                               0D    616
     128     885                                                00010000D    617
     128       0    -685       8       0                               0D    618
     128     893                                                00010000D    619
     128       0    -685      16       0                               0D    620
     128     909                                                00010000D    621
     128       0    -685       9       0                               0D    622
     128     918                                                00010000D    623
     128       0    -685       5       0                               0D    624
     128     923                                                00010000D    625
     128       0    -685       5       0                               0D    626
     128     928                                                00010000D    627
     128       0    -685       8       0                               0D    628
     128     936                                                00010000D    629
     128       0    -685      16       0                               0D    630
     128     952                                                00010000D    631
     128       0    -685       9       0                               0D    632
     128     961                                                00010000D    633
     128       0    -685       4       0                               0D    634
     128     965                                                00010000D    635
     128       0    -685       5       0                               0D    636
     128     970                                                00010000D    637
     128       0    -685       5       0                               0D    638
     128     975                                                00010000D    639
     128       0    -685       4       0                               0D    640
     128     979                                                00010000D    641
     128       0    -685       6       0                               0D    642
     128     985                                                00010000D    643
     128       0    -685       3       0                               0D    644
     128     988                                                00010000D    645
     128       0    -685       3       0                               0D    646
     128     991                                                00010000D    647
     128       0    -685       3       0                               0D    648
     128     994                                                00010000D    649
     128       0    -685       4       0                               0D    650
     128     998                                                00010000D    651
     128       0    -685       3       0                               0D    652
     128    1001                                                00010000D    653
     128       0    -685       4       0                               0D    654
     128    1005                                                00010000D    655
     128       0    -685       4       0                               0D    656
     128    1009                                                00010000D    657
     128       0    -685       4       0                               0D    658
     128    1013                                                00010000D    659
     128       0    -685       8       0                               0D    660
     128    1021                                                00010000D    661
     128       0    -685      16       0                               0D    662
     128    1037                                                00010000D    663
     128       0    -685       9       0                               0D    664
     128    1046                                                00010000D    665
     128       0    -685       5       0                               0D    666
     502    1051                                                00010000D    667
     502                      14       1                               0D    668
     502    1065                                                00010000D    669
     502                      24       1                               0D    670
     504    1089                                                00010001D    671
     504                      18       1                               0D    672
     504    1107                                                00010001D    673
     504                      27       1                               0D    674
     406    1134                                                00000000D    675
     406                       1      15                               0D    676
     406    1135                                                00000000D    677
     406                       1      15                               0D    678
     406    1136                                                00000000D    679
     406                       1      15                               0D    680
     406    1137                                                00000000D    681
     406                       1      15                               0D    682
     406    1138                                                00000000D    683
     406                       1      15                               0D    684
     314    1139                                                00000200D    685
     314                       2       0                               0D    686
     314    1141                                                00000200D    687
     314                       2       0                               0D    688
124,9.08995101411847D-15,-1.38777878078145D-16,1.,                     1P      1
199.999999999999,1.19985435535324D-30,1.,1.38777878078145D-16,         1P      2
-7.2164496600635D-15,-0.999999999999998,-3.51289621856233D-31,         1P      3
9.08995101411845D-15,100.;                                             1P      4
408,9,0.,0.,0.,1.,0,1,677;                                             3P      5
408,11,0.,0.,0.,1.,0,1,681;                                            5P      6
408,11,0.,0.,0.,1.,0,1,683;                                            7P      7
308,0,26HKidslab Platte Randecke v5,1,13;                              9P      8
308,0,31HKidslab Platte Invert Rand 2 v3,1,15;                        11P      9
186,17,1,0,0,1,675;                                                   13P     10
186,19,1,0,0,1,679;                                                   15P     11
514,23,21,1,23,1,25,1,27,1,29,1,31,1,33,1,35,1,37,1,39,1,41,1,        17P     12
43,1,45,1,47,1,49,1,51,1,53,1,55,1,57,1,59,1,61,1,63,1,65,1;          17P     13
514,33,67,1,69,1,71,1,73,1,75,1,77,1,79,1,81,1,83,1,85,1,87,1,        19P     14
89,1,91,1,93,1,95,1,97,1,99,1,101,1,103,1,105,1,107,1,109,1,111,      19P     15
1,113,1,115,1,117,1,119,1,121,1,123,1,125,1,127,1,129,1,131,1;        19P     16
510,555,1,1,133;                                                      21P     17
510,557,1,1,135;                                                      23P     18
510,559,1,1,137;                                                      25P     19
510,561,1,1,139;                                                      27P     20
510,563,1,1,141;                                                      29P     21
510,565,1,1,143;                                                      31P     22
510,567,1,1,145;                                                      33P     23
510,569,1,1,147;                                                      35P     24
510,571,1,1,149;                                                      37P     25
510,573,1,1,151;                                                      39P     26
510,575,1,1,153;                                                      41P     27
510,577,1,1,155;                                                      43P     28
510,579,1,1,157;                                                      45P     29
510,581,1,1,159;                                                      47P     30
510,583,1,1,161;                                                      49P     31
510,585,1,1,163;                                                      51P     32
510,587,1,1,165;                                                      53P     33
510,589,1,1,167;                                                      55P     34
510,591,1,1,169;                                                      57P     35
510,593,1,1,171;                                                      59P     36
510,595,1,1,173;                                                      61P     37
510,597,1,1,175;                                                      63P     38
510,599,1,1,177;                                                      65P     39
510,601,1,1,179;                                                      67P     40
510,603,1,1,181;                                                      69P     41
510,605,1,1,183;                                                      71P     42
510,607,1,1,185;                                                      73P     43
510,609,1,1,187;                                                      75P     44
510,611,1,1,189;                                                      77P     45
510,613,1,1,191;                                                      79P     46
510,615,1,1,193;                                                      81P     47
510,617,1,1,195;                                                      83P     48
510,619,1,1,197;                                                      85P     49
510,621,1,1,199;                                                      87P     50
510,623,1,1,201;                                                      89P     51
510,625,1,1,203;                                                      91P     52
510,627,1,1,205;                                                      93P     53
510,629,1,1,207;                                                      95P     54
510,631,1,1,209;                                                      97P     55
510,633,1,1,211;                                                      99P     56
510,635,1,1,213;                                                     101P     57
510,637,1,1,215;                                                     103P     58
510,639,1,1,217;                                                     105P     59
510,641,1,1,219;                                                     107P     60
510,643,1,1,221;                                                     109P     61
510,645,1,1,223;                                                     111P     62
510,647,1,1,225;                                                     113P     63
510,649,1,1,227;                                                     115P     64
510,651,1,1,229;                                                     117P     65
510,653,1,1,231;                                                     119P     66
510,655,1,1,233;                                                     121P     67
510,657,1,1,235;                                                     123P     68
510,659,1,1,237;                                                     125P     69
510,661,1,1,239;                                                     127P     70
510,663,1,1,241;                                                     129P     71
510,665,1,1,243;                                                     131P     72
508,4,0,671,1,0,0,0,671,2,0,0,0,671,3,1,0,0,671,4,0,0;               133P     73
508,4,0,671,5,0,0,0,671,6,1,0,0,671,7,0,0,0,671,8,0,0;               135P     74
508,4,0,671,9,0,0,0,671,8,1,0,0,671,10,0,0,0,671,11,0,0;             137P     75
508,4,0,671,12,0,0,0,671,11,1,0,0,671,13,0,0,0,671,3,0,0;            139P     76
508,4,0,671,14,0,0,0,671,15,0,0,0,671,6,0,0,0,671,16,0,0;            141P     77
508,16,0,671,4,1,0,0,671,13,1,0,0,671,10,1,0,0,671,7,1,0,0,671,      143P     78
15,1,0,0,671,17,1,0,0,671,18,1,0,0,671,19,1,0,0,671,20,1,0,0,        143P     79
671,21,1,0,0,671,22,0,0,0,671,23,0,0,0,671,24,0,0,0,671,25,1,0,      143P     80
0,671,26,1,0,0,671,27,1,0;                                           143P     81
508,7,0,671,14,1,0,0,671,28,1,0,0,671,29,1,0,0,671,30,0,0,0,671,     145P     82
31,0,0,0,671,32,0,0,0,671,17,0,0;                                    145P     83
508,4,0,671,1,1,0,0,671,27,0,0,0,671,33,0,0,0,671,34,1,0;            147P     84
508,4,0,671,35,0,0,0,671,25,0,0,0,671,36,0,0,0,671,37,1,0;           149P     85
508,4,0,671,38,0,0,0,671,39,1,0,0,671,22,1,0,0,671,40,0,0;           151P     86
508,4,0,671,41,1,0,0,671,42,1,0,0,671,23,1,0,0,671,39,0,0;           153P     87
508,4,0,671,43,0,0,0,671,36,1,0,0,671,24,1,0,0,671,42,0,0;           155P     88
508,4,0,671,44,0,0,0,671,45,0,0,0,671,40,1,0,0,671,21,0,0;           157P     89
508,16,0,671,2,1,0,0,671,34,0,0,0,671,46,0,0,0,671,37,0,0,0,671,     159P     90
43,1,0,0,671,41,0,0,0,671,38,1,0,0,671,45,1,0,0,671,47,0,0,0,        159P     91
671,48,1,0,0,671,49,1,0,0,671,28,0,0,0,671,16,1,0,0,671,5,1,0,0,     159P     92
671,9,1,0,0,671,12,1,0;                                              159P     93
508,7,0,671,44,1,0,0,671,20,0,0,0,671,50,0,0,0,671,51,0,0,0,671,     161P     94
52,0,0,0,671,53,0,0,0,671,47,1,0;                                    161P     95
508,4,0,671,54,1,0,0,671,52,1,0,0,671,55,1,0,0,671,56,1,0;           163P     96
508,4,0,671,57,1,0,0,671,30,1,0,0,671,58,1,0,0,671,56,0,0;           165P     97
508,6,0,671,57,0,0,0,671,55,0,0,0,671,51,1,0,0,671,59,1,0,0,671,     167P     98
60,1,0,0,671,31,1,0;                                                 167P     99
508,4,0,671,58,0,0,0,671,29,0,0,0,671,49,0,0,0,671,61,1,0;           169P    100
508,4,0,671,54,0,0,0,671,61,0,0,0,671,48,0,0,0,671,53,1,0;           171P    101
508,4,0,671,62,0,0,0,671,18,0,0,0,671,32,1,0,0,671,60,0,0;           173P    102
508,4,0,671,35,1,0,0,671,46,1,0,0,671,33,1,0,0,671,26,0,0;           175P    103
508,4,0,671,50,1,0,0,671,19,0,0,0,671,62,1,0,0,671,59,0,0;           177P    104
508,4,0,673,1,0,0,0,673,2,0,0,0,673,3,1,0,0,673,4,0,0;               179P    105
508,4,0,673,5,0,0,0,673,6,1,0,0,673,7,0,0,0,673,8,0,0;               181P    106
508,4,0,673,9,0,0,0,673,8,1,0,0,673,10,0,0,0,673,11,0,0;             183P    107
508,4,0,673,12,0,0,0,673,11,1,0,0,673,13,0,0,0,673,3,0,0;            185P    108
508,4,0,673,14,0,0,0,673,15,0,0,0,673,6,0,0,0,673,16,0,0;            187P    109
508,4,0,673,14,1,0,0,673,17,1,0,0,673,18,1,0,0,673,19,0,0;           189P    110
508,4,0,673,1,1,0,0,673,20,0,0,0,673,21,0,0,0,673,22,1,0;            191P    111
508,4,0,673,18,0,0,0,673,23,0,0,0,673,24,1,0,0,673,25,0,0;           193P    112
508,4,0,673,26,0,0,0,673,27,1,0,0,673,28,0,0,0,673,29,0,0;           195P    113
508,4,0,673,30,0,0,0,673,29,1,0,0,673,31,0,0,0,673,32,0,0;           197P    114
508,4,0,673,33,0,0,0,673,32,1,0,0,673,34,0,0,0,673,24,0,0;           199P    115
508,4,0,673,35,0,0,0,673,36,0,0,0,673,27,0,0,0,673,37,0,0;           201P    116
508,28,0,673,2,1,0,0,673,22,0,0,0,673,38,0,0,0,673,39,0,0,0,673,     203P    117
40,1,0,0,673,41,0,0,0,673,42,1,0,0,673,43,1,0,0,673,44,0,0,0,        203P    118
673,45,1,0,0,673,46,0,0,0,673,47,1,0,0,673,48,1,0,0,673,49,1,0,      203P    119
0,673,50,1,0,0,673,51,1,0,0,673,52,0,0,0,673,53,0,0,0,673,37,1,      203P    120
0,0,673,26,1,0,0,673,30,1,0,0,673,33,1,0,0,673,23,1,0,0,673,17,      203P    121
0,0,0,673,16,1,0,0,673,5,1,0,0,673,9,1,0,0,673,12,1,0;               203P    122
508,4,0,673,48,0,0,0,673,54,1,0,0,673,55,0,0,0,673,56,0,0;           205P    123
508,4,0,673,49,0,0,0,673,56,1,0,0,673,57,0,0,0,673,58,0,0;           207P    124
508,4,0,673,50,0,0,0,673,58,1,0,0,673,59,0,0,0,673,60,0,0;           209P    125
508,4,0,673,61,0,0,0,673,51,0,0,0,673,60,1,0,0,673,62,0,0;           211P    126
508,4,0,673,63,0,0,0,673,64,0,0,0,673,54,0,0,0,673,47,0,0;           213P    127
508,28,0,673,15,1,0,0,673,19,1,0,0,673,25,1,0,0,673,34,1,0,0,        215P    128
673,31,1,0,0,673,28,1,0,0,673,36,1,0,0,673,65,1,0,0,673,66,1,0,      215P    129
0,673,62,1,0,0,673,59,1,0,0,673,57,1,0,0,673,55,1,0,0,673,64,1,      215P    130
0,0,673,67,1,0,0,673,68,1,0,0,673,69,1,0,0,673,70,1,0,0,673,71,      215P    131
0,0,0,673,72,0,0,0,673,73,0,0,0,673,74,1,0,0,673,75,1,0,0,673,       215P    132
20,1,0,0,673,4,1,0,0,673,13,1,0,0,673,10,1,0,0,673,7,1,0;            215P    133
508,7,0,673,63,1,0,0,673,46,1,0,0,673,76,1,0,0,673,77,0,0,0,673,     217P    134
78,0,0,0,673,79,0,0,0,673,67,0,0;                                    217P    135
508,4,0,673,80,1,0,0,673,81,1,0,0,673,77,1,0,0,673,82,1,0;           219P    136
508,4,0,673,61,1,0,0,673,66,0,0,0,673,83,0,0,0,673,52,1,0;           221P    137
508,4,0,673,81,0,0,0,673,84,1,0,0,673,85,1,0,0,673,78,1,0;           223P    138
508,4,0,673,82,0,0,0,673,76,0,0,0,673,45,0,0,0,673,86,1,0;           225P    139
508,7,0,673,80,0,0,0,673,86,0,0,0,673,44,1,0,0,673,87,0,0,0,673,     227P    140
69,0,0,0,673,88,0,0,0,673,84,0,0;                                    227P    141
508,4,0,673,35,1,0,0,673,53,1,0,0,673,83,1,0,0,673,65,0,0;           229P    142
508,4,0,673,89,0,0,0,673,38,1,0,0,673,21,1,0,0,673,75,0,0;           231P    143
508,4,0,673,88,1,0,0,673,68,0,0,0,673,79,1,0,0,673,85,0,0;           233P    144
508,4,0,673,89,1,0,0,673,74,0,0,0,673,90,0,0,0,673,39,1,0;           235P    145
508,4,0,673,42,0,0,0,673,91,1,0,0,673,71,1,0,0,673,92,0,0;           237P    146
508,4,0,673,41,1,0,0,673,93,1,0,0,673,72,1,0,0,673,91,0,0;           239P    147
508,4,0,673,40,0,0,0,673,90,1,0,0,673,73,1,0,0,673,93,0,0;           241P    148
508,4,0,673,87,1,0,0,673,43,0,0,0,673,92,1,0,0,673,70,0,0;           243P    149
126,1,1,0,0,1,0,0.,0.,0.2,0.2,1.,1.,207.8,2.,0.,207.8,0.,0.,0.,      245P    150
0.2,0.,0.,0.;                                                        245P    151
126,1,1,0,0,1,0,0.680277563773199,0.680277563773199,0.75,0.75,       247P    152
1.,1.,207.8,2.,0.69722436226801,207.8,2.,0.,0.680277563773199,       247P    153
0.75,0.,0.,0.;                                                       247P    154
126,1,1,0,0,1,0,0.,0.,0.2,0.2,1.,1.,207.8,2.,0.69722436226801,       249P    155
207.8,0.,0.69722436226801,0.,0.2,0.,0.,0.;                           249P    156
126,1,1,0,0,1,0,-0.75,-0.75,-0.680277563773199,                      251P    157
-0.680277563773199,1.,1.,207.8,0.,0.,207.8,0.,0.69722436226801,      251P    158
-0.75,-0.680277563773199,0.,0.,0.;                                   251P    159
126,2,2,0,0,0,0,-0.541099525957149,-0.541099525957149,               253P    160
-0.541099525957149,3.10623922417115D-14,3.10623922417115D-14,        253P    161
3.10623922417115D-14,1.,0.963624111659643,1.,212.2,2.,               253P    162
0.69722436226801,212.2,2.,0.919104440758145,212.314285714286,2.,     253P    163
1.1092873651782,-0.541099525957149,3.10623922417115D-14,0.,0.,       253P    164
0.;                                                                  253P    165
126,1,1,0,0,1,0,0.,0.,0.2,0.2,1.,1.,212.2,2.,0.69722436226801,       255P    166
212.2,0.,0.69722436226801,0.,0.2,0.,0.,0.;                           255P    167
126,2,2,0,0,0,0,-3.10623922417115D-14,-3.10623922417115D-14,         257P    168
-3.10623922417115D-14,0.541099525957149,0.541099525957149,           257P    169
0.541099525957149,1.,0.963624111659643,1.,212.314285714286,0.,       257P    170
1.1092873651782,212.2,0.,0.919104440758145,212.2,0.,                 257P    171
0.69722436226801,-3.10623922417115D-14,0.541099525957149,0.,0.,      257P    172
0.;                                                                  257P    173
126,1,1,0,0,1,0,0.,0.,0.2,0.2,1.,1.,212.314285714286,2.,             259P    174
1.10928736517818,212.314285714286,0.,1.10928736517818,0.,0.2,0.,     259P    175
0.,0.;                                                               259P    176
126,6,2,0,0,0,0,4.67732848337449D-15,4.67732848337449D-15,           261P    177
4.67732848337449D-15,1.40793056850136,1.40793056850136,              261P    178
2.81586113700272,2.81586113700272,4.22379170550408,                  261P    179
4.22379170550408,4.22379170550408,1.,0.762281674747327,1.,           261P    180
0.762281674747331,1.,0.762281674747327,1.,212.314285714286,2.,       261P    181
1.10928736517819,213.495125329044,2.,3.07432326322854,               261P    182
211.747562664522,2.,4.55816052181779,210.,2.,6.04199778040703,       261P    183
208.252437335478,2.,4.55816052181779,206.504874670956,2.,            261P    184
3.07432326322854,207.685714285714,2.,1.10928736517819,               261P    185
4.67732848337449D-15,4.22379170550408,0.,0.,0.;                      261P    186
126,6,2,0,0,0,0,2.05939360167551,2.05939360167551,                   263P    187
2.05939360167551,3.46732417017687,3.46732417017687,                  263P    188
4.87525473867822,4.87525473867822,6.28318530717958,                  263P    189
6.28318530717958,6.28318530717958,1.,0.762281674747327,1.,           263P    190
0.762281674747331,1.,0.762281674747327,1.,207.685714285714,0.,       263P    191
1.10928736517819,206.504874670956,0.,3.07432326322854,               263P    192
208.252437335478,0.,4.55816052181779,210.,0.,6.04199778040703,       263P    193
211.747562664522,0.,4.55816052181779,213.495125329044,0.,            263P    194
3.07432326322854,212.314285714286,0.,1.10928736517819,               263P    195
2.05939360167551,6.28318530717958,0.,0.,0.;                          263P    196
126,1,1,0,0,1,0,0.,0.,0.2,0.2,1.,1.,207.685714285714,2.,             265P    197
1.10928736517818,207.685714285714,0.,1.10928736517818,0.,0.2,0.,     265P    198
0.,0.;                                                               265P    199
126,2,2,0,0,0,0,-0.54109952595716,-0.54109952595716,                 267P    200
-0.54109952595716,-3.17557799763395D-15,-3.17557799763395D-15,       267P    201
-3.17557799763395D-15,1.,0.96362411165978,1.,207.685714285714,       267P    202
2.,1.10928736517818,207.8,2.,0.919104440758119,207.8,2.,             267P    203
0.69722436226801,-0.54109952595716,-3.17557799763395D-15,0.,0.,      267P    204
0.;                                                                  267P    205
126,2,2,0,0,0,0,3.17557799763395D-15,3.17557799763395D-15,           269P    206
3.17557799763395D-15,0.54109952595716,0.54109952595716,              269P    207
0.54109952595716,1.,0.96362411165978,1.,207.8,0.,                    269P    208
0.69722436226801,207.8,0.,0.919104440758119,207.685714285714,0.,     269P    209
1.10928736517818,3.17557799763395D-15,0.54109952595716,0.,0.,0.;     269P    210
126,1,1,0,0,1,0,-0.2,-0.2,0.,0.,1.,1.,212.2,0.,0.,212.2,2.,0.,       271P    211
-0.2,0.,0.,0.,0.;                                                    271P    212
126,1,1,0,0,1,0,0.645416345659799,0.645416345659799,                 273P    213
0.7151387818866,0.7151387818866,1.,1.,212.2,0.,0.69722436226801,     273P    214
212.2,0.,0.,0.645416345659799,0.7151387818866,0.,0.,0.;              273P    215
126,1,1,0,0,1,0,-0.7151387818866,-0.7151387818866,                   275P    216
-0.645416345659799,-0.645416345659799,1.,1.,212.2,2.,0.,212.2,       275P    217
2.,0.69722436226801,-0.7151387818866,-0.645416345659799,0.,0.,       275P    218
0.;                                                                  275P    219
126,1,1,0,0,1,0,1.22,1.22,3.,3.,1.,1.,212.2,0.,0.,230.,0.,0.,        277P    220
1.22,3.,0.,0.,0.;                                                    277P    221
126,1,1,0,0,1,0,0.,0.,3.,3.,1.,1.,230.,0.,0.,230.,0.,30.,0.,3.,      279P    222
0.,0.,0.;                                                            279P    223
126,1,1,0,0,1,0,0.,0.,3.,3.,1.,1.,230.,0.,30.,200.,0.,30.,0.,3.,     281P    224
0.,0.,0.;                                                            281P    225
126,1,1,0,0,1,0,0.,0.,1.8,1.8,1.,1.,200.,0.,30.,200.,0.,12.,0.,      283P    226
1.8,0.,0.,0.;                                                        283P    227
126,1,1,0,0,1,0,0.,0.,0.069722436226801,0.069722436226801,1.,1.,     285P    228
200.,0.,12.,199.302775637732,0.,12.,0.,0.069722436226801,0.,0.,      285P    229
0.;                                                                  285P    230
126,2,2,0,0,0,0,0.,0.,0.,0.541099525957151,0.541099525957151,        287P    231
0.541099525957151,1.,0.963624111659345,1.,198.787696884094,0.,       287P    232
12.1428571428571,199.025425539619,0.,12.,199.302775637732,0.,        287P    233
12.,0.,0.541099525957151,0.,0.,0.;                                   287P    234
126,6,2,0,0,0,0,2.05939360167551,2.05939360167551,                   289P    235
2.05939360167551,3.46732417017687,3.46732417017687,                  289P    236
4.87525473867822,4.87525473867822,6.28318530717958,                  289P    237
6.28318530717958,6.28318530717958,1.,0.762281674747338,1.,           289P    238
0.762281674747332,1.,0.762281674747342,1.,198.787696884094,0.,       289P    239
7.85714285714284,196.968219200714,0.,6.76377284347804,               289P    240
195.594295813132,0.,8.38188642173901,194.220372425549,0.,            289P    241
9.99999999999999,195.594295813132,0.,11.618113578261,                289P    242
196.968219200714,0.,13.2362271565219,198.787696884094,0.,            289P    243
12.1428571428571,2.05939360167551,6.28318530717958,0.,0.,0.;         289P    244
126,2,2,0,0,0,0,0.,0.,0.,0.541099525957151,0.541099525957151,        291P    245
0.541099525957151,1.,0.963624111659318,1.,199.302775637732,0.,       291P    246
7.99999999999997,199.025425539619,0.,7.99999999999997,               291P    247
198.787696884094,0.,7.85714285714283,0.,0.541099525957151,0.,0.,     291P    248
0.;                                                                  291P    249
126,1,1,0,0,1,0,-0.0697224362268011,-0.0697224362268011,0.,0.,       293P    250
1.,1.,199.302775637732,0.,8.,200.,0.,8.,-0.0697224362268011,0.,      293P    251
0.,0.,0.;                                                            293P    252
126,1,1,0,0,1,0,2.2,2.2,3.,3.,1.,1.,200.,0.,8.,200.,0.,0.,2.2,       295P    253
3.,0.,0.,0.;                                                         295P    254
126,1,1,0,0,1,0,0.,0.,0.780000000000001,0.780000000000001,1.,1.,     297P    255
200.,0.,0.,207.8,0.,0.,0.,0.780000000000001,0.,0.,0.;                297P    256
126,1,1,0,0,1,0,1.22,1.22,2.5,2.5,1.,1.,212.2,2.,0.,225.,2.,0.,      299P    257
1.22,2.5,0.,0.,0.;                                                   299P    258
126,1,1,0,0,1,0,0.,0.,0.9,0.9,1.,1.,225.,2.,0.,225.,11.,0.,0.,       301P    259
0.9,0.,0.,0.;                                                        301P    260
126,2,2,0,0,0,0,-0.785398163397447,-0.785398163397447,               303P    261
-0.785398163397447,0.78539816339745,0.78539816339745,                303P    262
0.78539816339745,1.,0.707106781186551,1.,229.,15.,0.,225.,15.,       303P    263
0.,225.,11.,0.,-0.785398163397447,0.78539816339745,0.,0.,0.;         303P    264
126,1,1,0,0,1,0,-3.,-3.,-2.9,-2.9,1.,1.,230.,15.,0.,229.,15.,0.,     305P    265
-3.,-2.9,0.,0.,0.;                                                   305P    266
126,1,1,0,0,1,0,-0.2,-0.2,1.3,1.3,1.,1.,230.,0.,0.,230.,15.,0.,      307P    267
-0.2,1.3,0.,0.,0.;                                                   307P    268
126,1,1,0,0,1,0,0.,0.,0.2,0.2,1.,1.,200.,2.,0.,200.,0.,0.,0.,        309P    269
0.2,0.,0.,0.;                                                        309P    270
126,1,1,0,0,1,0,0.,0.,0.780000000000001,0.780000000000001,1.,1.,     311P    271
200.,2.,0.,207.8,2.,0.,0.,0.780000000000001,0.,0.,0.;                311P    272
126,1,1,0,0,1,0,-0.2,-0.2,0.,0.,1.,1.,200.,0.,8.,200.,2.,8.,         313P    273
-0.2,0.,0.,0.,0.;                                                    313P    274
126,1,1,0,0,1,0,0.,0.,0.2,0.2,1.,1.,199.302775637732,2.,8.,          315P    275
199.302775637732,0.,8.,0.,0.2,0.,0.,0.;                              315P    276
126,1,1,0,0,1,0,-0.0697224362268011,-0.0697224362268011,0.,0.,       317P    277
1.,1.,199.302775637732,2.,8.,200.,2.,8.,-0.0697224362268011,0.,      317P    278
0.,0.,0.;                                                            317P    279
126,2,2,0,0,0,0,0.,0.,0.,0.541099525957151,0.541099525957151,        319P    280
0.541099525957151,1.,0.963624111659345,1.,198.787696884094,2.,       319P    281
12.1428571428571,199.025425539619,2.,12.,199.302775637732,2.,        319P    282
12.,0.,0.541099525957151,0.,0.,0.;                                   319P    283
126,1,1,0,0,1,0,0.,0.,0.2,0.2,1.,1.,198.787696884094,2.,             321P    284
12.1428571428571,198.787696884094,0.,12.1428571428571,0.,0.2,0.,     321P    285
0.,0.;                                                               321P    286
126,1,1,0,0,1,0,0.,0.,0.2,0.2,1.,1.,199.302775637732,2.,12.,         323P    287
199.302775637732,0.,12.,0.,0.2,0.,0.,0.;                             323P    288
126,6,2,0,0,0,0,0.,0.,0.,1.40793056850136,1.40793056850136,          325P    289
2.81586113700272,2.81586113700272,4.22379170550408,                  325P    290
4.22379170550408,4.22379170550408,1.,0.762281674747327,1.,           325P    291
0.762281674747332,1.,0.762281674747328,1.,198.787696884094,2.,       325P    292
12.1428571428571,196.968219200714,2.,13.2362271565219,               325P    293
195.594295813132,2.,11.618113578261,194.220372425549,2.,             325P    294
9.99999999999999,195.594295813132,2.,8.38188642173901,               325P    295
196.968219200714,2.,6.76377284347804,198.787696884094,2.,            325P    296
7.85714285714285,0.,4.22379170550408,0.,0.,0.;                       325P    297
126,1,1,0,0,1,0,0.,0.,0.2,0.2,1.,1.,198.787696884094,2.,             327P    298
7.85714285714284,198.787696884094,0.,7.85714285714284,0.,0.2,0.,     327P    299
0.,0.;                                                               327P    300
126,2,2,0,0,0,0,0.,0.,0.,0.541099525957151,0.541099525957151,        329P    301
0.541099525957151,1.,0.963624111659318,1.,199.302775637732,2.,       329P    302
7.99999999999997,199.025425539619,2.,7.99999999999997,               329P    303
198.787696884094,2.,7.85714285714283,0.,0.541099525957151,0.,0.,     329P    304
0.;                                                                  329P    305
126,1,1,0,0,1,0,0.,0.,0.2,0.2,1.,1.,200.,2.,12.,200.,0.,12.,0.,      331P    306
0.2,0.,0.,0.;                                                        331P    307
126,1,1,0,0,1,0,-0.069722436226801,-0.069722436226801,0.,0.,1.,      333P    308
1.,199.302775637732,2.,12.,200.,2.,12.,-0.069722436226801,0.,0.,     333P    309
0.,0.;                                                               333P    310
126,1,1,0,0,1,0,2.2,2.2,3.,3.,1.,1.,200.,2.,8.,200.,2.,0.,2.2,       335P    311
3.,0.,0.,0.;                                                         335P    312
126,1,1,0,0,1,0,0.5,0.5,1.8,1.8,1.,1.,200.,2.,25.,200.,2.,12.,       337P    313
0.5,1.8,0.,0.,0.;                                                    337P    314
126,1,1,0,0,1,0,-2.,-2.,0.5,0.5,1.,1.,200.,2.,25.,225.,2.,25.,       339P    315
-2.,0.5,0.,0.,0.;                                                    339P    316
126,1,1,0,0,1,0,-1.75,-1.75,0.75,0.75,1.,1.,225.,2.,25.,225.,2.,     341P    317
0.,-1.75,0.75,0.,0.,0.;                                              341P    318
126,1,1,0,0,1,0,-1.3,-1.3,0.2,0.2,1.,1.,200.,15.,30.,200.,0.,        343P    319
30.,-1.3,0.2,0.,0.,0.;                                               343P    320
126,1,1,0,0,1,0,-0.1,-0.1,0.,0.,1.,1.,200.,15.,29.,200.,15.,30.,     345P    321
-0.1,0.,0.,0.,0.;                                                    345P    322
126,2,2,0,0,0,0,5.49778714378214,5.49778714378214,                   347P    323
5.49778714378214,7.06858347057703,7.06858347057703,                  347P    324
7.06858347057703,1.,0.70710678118655,1.,200.,11.,25.,200.,15.,       347P    325
25.,200.,15.,29.,5.49778714378214,7.06858347057703,0.,0.,0.;         347P    326
126,1,1,0,0,1,0,0.,0.,0.9,0.9,1.,1.,200.,2.,25.,200.,11.,25.,0.,     349P    327
0.9,0.,0.,0.;                                                        349P    328
126,1,1,0,0,1,0,-0.5,-0.5,2.,2.,1.,1.,225.,11.,25.,200.,11.,25.,     351P    329
-0.5,2.,0.,0.,0.;                                                    351P    330
126,1,1,0,0,1,0,-2.,-2.,0.899999999999999,0.899999999999999,1.,      353P    331
1.,200.,15.,29.,229.,15.,29.,-2.,0.899999999999999,0.,0.,0.;         353P    332
126,2,2,0,0,0,0,1.5707963267949,1.5707963267949,1.5707963267949,     355P    333
3.14159265358979,3.14159265358979,3.14159265358979,1.,               355P    334
0.707106781186549,1.,229.,15.,29.,225.,15.,25.,225.,11.,25.,         355P    335
1.5707963267949,3.14159265358979,0.,0.,0.;                           355P    336
126,1,1,0,0,1,0,-2.15,-2.15,0.75,0.75,1.,1.,229.,15.,29.,229.,       357P    337
15.,0.,-2.15,0.75,0.,0.,0.;                                          357P    338
126,1,1,0,0,1,0,-0.75,-0.75,1.75,1.75,1.,1.,225.,11.,0.,225.,        359P    339
11.,25.,-0.75,1.75,0.,0.,0.;                                         359P    340
126,1,1,0,0,1,0,-3.,-3.,0.,0.,1.,1.,200.,15.,30.,230.,15.,30.,       361P    341
-3.,0.,0.,0.,0.;                                                     361P    342
126,1,1,0,0,1,0,-3.,-3.,0.,0.,1.,1.,230.,15.,30.,230.,15.,0.,        363P    343
-3.,0.,0.,0.,0.;                                                     363P    344
126,1,1,0,0,1,0,0.,0.,0.9,0.9,1.,1.,225.,2.,25.,225.,11.,25.,0.,     365P    345
0.9,0.,0.,0.;                                                        365P    346
126,1,1,0,0,1,0,-0.2,-0.2,1.3,1.3,1.,1.,230.,0.,30.,230.,15.,        367P    347
30.,-0.2,1.3,0.,0.,0.;                                               367P    348
126,1,1,0,0,1,0,0.,0.,0.2,0.2,1.,1.,122.8,2.,0.,122.8,0.,0.,0.,      369P    349
0.2,0.,0.,0.;                                                        369P    350
126,1,1,0,0,1,0,0.430277563773198,0.430277563773198,0.5,0.5,1.,      371P    351
1.,122.8,2.,0.697224362268011,122.8,2.,0.,0.430277563773198,0.5,     371P    352
0.,0.,0.;                                                            371P    353
126,1,1,0,0,1,0,0.,0.,0.2,0.2,1.,1.,122.8,2.,0.697224362268011,      373P    354
122.8,0.,0.697224362268011,0.,0.2,0.,0.,0.;                          373P    355
126,1,1,0,0,1,0,-0.5,-0.5,-0.430277563773198,-0.430277563773198,     375P    356
1.,1.,122.8,0.,0.,122.8,0.,0.697224362268011,-0.5,                   375P    357
-0.430277563773198,0.,0.,0.;                                         375P    358
126,2,2,0,0,0,0,-0.541099525957151,-0.541099525957151,               377P    359
-0.541099525957151,1.15467531369711D-14,1.15467531369711D-14,        377P    360
1.15467531369711D-14,1.,0.963624111659761,1.,127.2,2.,               377P    361
0.697224362268011,127.2,2.,0.919104440758125,127.314285714286,       377P    362
2.,1.10928736517819,-0.541099525957151,1.15467531369711D-14,0.,      377P    363
0.,0.;                                                               377P    364
126,1,1,0,0,1,0,0.,0.,0.2,0.2,1.,1.,127.2,2.,0.697224362268011,      379P    365
127.2,0.,0.697224362268011,0.,0.2,0.,0.,0.;                          379P    366
126,2,2,0,0,0,0,4.68375338513753D-15,4.68375338513753D-15,           381P    367
4.68375338513753D-15,0.541099525957151,0.541099525957151,            381P    368
0.541099525957151,1.,0.963624111659852,1.,127.314285714286,0.,       381P    369
1.10928736517818,127.2,0.,0.919104440758107,127.2,0.,                381P    370
0.697224362268011,4.68375338513753D-15,0.541099525957151,0.,0.,      381P    371
0.;                                                                  381P    372
126,1,1,0,0,1,0,0.,0.,0.2,0.2,1.,1.,127.314285714286,2.,             383P    373
1.10928736517818,127.314285714286,0.,1.10928736517818,0.,0.2,0.,     383P    374
0.,0.;                                                               383P    375
126,6,2,0,0,0,0,3.08395284618098D-15,3.08395284618098D-15,           385P    376
3.08395284618098D-15,1.40793056850136,1.40793056850136,              385P    377
2.81586113700272,2.81586113700272,4.22379170550408,                  385P    378
4.22379170550408,4.22379170550408,1.,0.762281674747336,1.,           385P    379
0.762281674747333,1.,0.762281674747336,1.,127.314285714286,2.,       385P    380
1.10928736517819,128.495125329044,2.,3.07432326322855,               385P    381
126.747562664522,2.,4.55816052181779,125.,2.,6.04199778040703,       385P    382
123.252437335478,2.,4.55816052181779,121.504874670956,2.,            385P    383
3.07432326322855,122.685714285714,2.,1.10928736517819,               385P    384
3.08395284618098D-15,4.22379170550408,0.,0.,0.;                      385P    385
126,6,2,0,0,0,0,-4.22379170550408,-4.22379170550408,                 387P    386
-4.22379170550408,-2.81586113700272,-2.81586113700272,               387P    387
-1.40793056850136,-1.40793056850136,-3.04587935425282D-15,           387P    388
-3.04587935425282D-15,-3.04587935425282D-15,1.,                      387P    389
0.762281674747336,1.,0.762281674747333,1.,0.762281674747336,1.,      387P    390
122.685714285714,0.,1.10928736517819,121.504874670956,0.,            387P    391
3.07432326322855,123.252437335478,0.,4.55816052181779,125.,0.,       387P    392
6.04199778040703,126.747562664522,0.,4.55816052181779,               387P    393
128.495125329044,0.,3.07432326322855,127.314285714286,0.,            387P    394
1.10928736517819,-4.22379170550408,-3.04587935425282D-15,0.,0.,      387P    395
0.;                                                                  387P    396
126,1,1,0,0,1,0,0.,0.,0.2,0.2,1.,1.,122.685714285714,2.,             389P    397
1.10928736517818,122.685714285714,0.,1.10928736517818,0.,0.2,0.,     389P    398
0.,0.;                                                               389P    399
126,2,2,0,0,0,0,-0.541099525957162,-0.541099525957162,               391P    400
-0.541099525957162,7.63278329429754D-16,7.63278329429754D-16,        391P    401
7.63278329429754D-16,1.,0.963624111659762,1.,122.685714285714,       391P    402
2.,1.10928736517819,122.8,2.,0.919104440758126,122.8,2.,             391P    403
0.697224362268011,-0.541099525957162,7.63278329429754D-16,0.,0.,     391P    404
0.;                                                                  391P    405
126,2,2,0,0,0,0,-2.71170936169727D-29,-2.71170936169727D-29,         393P    406
-2.71170936169727D-29,0.541099525957162,0.541099525957162,           393P    407
0.541099525957162,1.,0.963624111659767,1.,122.8,0.,                  393P    408
0.697224362268012,122.8,0.,0.919104440758125,122.685714285714,       393P    409
0.,1.10928736517819,-2.71170936169727D-29,0.541099525957162,0.,      393P    410
0.,0.;                                                               393P    411
126,1,1,0,0,1,0,-0.2,-0.2,0.,0.,1.,1.,127.2,0.,0.,127.2,2.,0.,       395P    412
-0.2,0.,0.,0.,0.;                                                    395P    413
126,1,1,0,0,1,0,0.395416345659798,0.395416345659798,                 397P    414
0.465138781886599,0.465138781886599,1.,1.,127.2,0.,                  397P    415
0.697224362268011,127.2,0.,0.,0.395416345659798,                     397P    416
0.465138781886599,0.,0.,0.;                                          397P    417
126,1,1,0,0,1,0,-0.465138781886599,-0.465138781886599,               399P    418
-0.395416345659798,-0.395416345659798,1.,1.,127.2,2.,0.,127.2,       399P    419
2.,0.697224362268011,-0.465138781886599,-0.395416345659798,0.,       399P    420
0.,0.;                                                               399P    421
126,1,1,0,0,1,0,2.72,2.72,7.28,7.28,1.,1.,127.2,2.,0.,172.8,2.,      401P    422
0.,2.72,7.28,0.,0.,0.;                                               401P    423
126,1,1,0,0,1,0,0.,0.,0.2,0.2,1.,1.,172.8,2.,0.,172.8,0.,0.,0.,      403P    424
0.2,0.,0.,0.;                                                        403P    425
126,1,1,0,0,1,0,2.72,2.72,7.28,7.28,1.,1.,127.2,0.,0.,172.8,0.,      405P    426
0.,2.72,7.28,0.,0.,0.;                                               405P    427
126,1,1,0,0,1,0,0.,0.,2.28,2.28,1.,1.,100.,0.,0.,122.8,0.,0.,0.,     407P    428
2.28,0.,0.,0.;                                                       407P    429
126,1,1,0,0,1,0,0.,0.,0.2,0.2,1.,1.,100.,2.,0.,100.,0.,0.,0.,        409P    430
0.2,0.,0.,0.;                                                        409P    431
126,1,1,0,0,1,0,0.,0.,2.28,2.28,1.,1.,100.,2.,0.,122.8,2.,0.,0.,     411P    432
2.28,0.,0.,0.;                                                       411P    433
126,1,1,0,0,1,0,0.430277563773198,0.430277563773198,0.5,0.5,1.,      413P    434
1.,172.8,2.,0.697224362268011,172.8,2.,0.,0.430277563773198,0.5,     413P    435
0.,0.,0.;                                                            413P    436
126,1,1,0,0,1,0,0.,0.,0.2,0.2,1.,1.,172.8,2.,0.697224362268011,      415P    437
172.8,0.,0.697224362268011,0.,0.2,0.,0.,0.;                          415P    438
126,1,1,0,0,1,0,-0.5,-0.5,-0.430277563773198,-0.430277563773198,     417P    439
1.,1.,172.8,0.,0.,172.8,0.,0.697224362268011,-0.5,                   417P    440
-0.430277563773198,0.,0.,0.;                                         417P    441
126,2,2,0,0,0,0,-0.541099525957152,-0.541099525957152,               419P    442
-0.541099525957152,2.23887748618271D-14,2.23887748618271D-14,        419P    443
2.23887748618271D-14,1.,0.963624111659694,1.,177.2,2.,               419P    444
0.69722436226801,177.2,2.,0.919104440758137,177.314285714286,2.,     419P    445
1.10928736517819,-0.541099525957152,2.23887748618271D-14,0.,0.,      419P    446
0.;                                                                  419P    447
126,1,1,0,0,1,0,0.,0.,0.2,0.2,1.,1.,177.2,2.,0.697224362268011,      421P    448
177.2,0.,0.697224362268011,0.,0.2,0.,0.,0.;                          421P    449
126,2,2,0,0,0,0,1.37910516340163D-14,1.37910516340163D-14,           423P    450
1.37910516340163D-14,0.541099525957152,0.541099525957152,            423P    451
0.541099525957152,1.,0.963624111659908,1.,177.314285714286,0.,       423P    452
1.10928736517817,177.2,0.,0.919104440758097,177.2,0.,                423P    453
0.69722436226801,1.37910516340163D-14,0.541099525957152,0.,0.,       423P    454
0.;                                                                  423P    455
126,1,1,0,0,1,0,0.,0.,0.2,0.2,1.,1.,177.314285714286,2.,             425P    456
1.10928736517818,177.314285714286,0.,1.10928736517818,0.,0.2,0.,     425P    457
0.,0.;                                                               425P    458
126,6,2,0,0,0,0,2.92975520387193D-15,2.92975520387193D-15,           427P    459
2.92975520387193D-15,1.40793056850136,1.40793056850136,              427P    460
2.81586113700272,2.81586113700272,4.22379170550408,                  427P    461
4.22379170550408,4.22379170550408,1.,0.762281674747327,1.,           427P    462
0.762281674747333,1.,0.762281674747327,1.,177.314285714286,2.,       427P    463
1.10928736517819,178.495125329044,2.,3.07432326322854,               427P    464
176.747562664522,2.,4.55816052181779,175.,2.,6.04199778040703,       427P    465
173.252437335478,2.,4.55816052181779,171.504874670956,2.,            427P    466
3.07432326322854,172.685714285714,2.,1.10928736517819,               427P    467
2.92975520387193D-15,4.22379170550408,0.,0.,0.;                      427P    468
126,6,2,0,0,0,0,-4.22379170550408,-4.22379170550408,                 429P    469
-4.22379170550408,-2.81586113700272,-2.81586113700272,               429P    470
-1.40793056850136,-1.40793056850136,-2.85551189461202D-15,           429P    471
-2.85551189461202D-15,-2.85551189461202D-15,1.,                      429P    472
0.762281674747327,1.,0.762281674747334,1.,0.762281674747327,1.,      429P    473
172.685714285714,0.,1.10928736517819,171.504874670956,0.,            429P    474
3.07432326322854,173.252437335478,0.,4.55816052181779,175.,0.,       429P    475
6.04199778040703,176.747562664522,0.,4.55816052181779,               429P    476
178.495125329044,0.,3.07432326322854,177.314285714286,0.,            429P    477
1.10928736517819,-4.22379170550408,-2.85551189461202D-15,0.,0.,      429P    478
0.;                                                                  429P    479
126,1,1,0,0,1,0,0.,0.,0.2,0.2,1.,1.,172.685714285714,2.,             431P    480
1.10928736517818,172.685714285714,0.,1.10928736517818,0.,0.2,0.,     431P    481
0.,0.;                                                               431P    482
126,2,2,0,0,0,0,-0.541099525957174,-0.541099525957174,               433P    483
-0.541099525957174,7.63278329429839D-16,7.63278329429839D-16,        433P    484
7.63278329429839D-16,1.,0.963624111659695,1.,172.685714285714,       433P    485
2.,1.1092873651782,172.8,2.,0.919104440758138,172.8,2.,              433P    486
0.697224362268011,-0.541099525957174,7.63278329429839D-16,0.,0.,     433P    487
0.;                                                                  433P    488
126,2,2,0,0,0,0,2.71170936169732D-29,2.71170936169732D-29,           435P    489
2.71170936169732D-29,0.541099525957174,0.541099525957174,            435P    490
0.541099525957174,1.,0.963624111659698,1.,172.8,0.,                  435P    491
0.697224362268012,172.8,0.,0.919104440758139,172.685714285714,       435P    492
0.,1.1092873651782,2.71170936169732D-29,0.541099525957174,0.,0.,     435P    493
0.;                                                                  435P    494
126,1,1,0,0,1,0,-0.2,-0.2,0.,0.,1.,1.,177.2,0.,0.,177.2,2.,0.,       437P    495
-0.2,0.,0.,0.,0.;                                                    437P    496
126,1,1,0,0,1,0,0.395416345659798,0.395416345659798,                 439P    497
0.465138781886599,0.465138781886599,1.,1.,177.2,0.,                  439P    498
0.69722436226801,177.2,0.,0.,0.395416345659798,                      439P    499
0.465138781886599,0.,0.,0.;                                          439P    500
126,1,1,0,0,1,0,-0.465138781886599,-0.465138781886599,               441P    501
-0.395416345659798,-0.395416345659798,1.,1.,177.2,2.,0.,177.2,       441P    502
2.,0.69722436226801,-0.465138781886599,-0.395416345659798,0.,0.,     441P    503
0.;                                                                  441P    504
126,1,1,0,0,1,0,2.2,2.2,3.,3.,1.,1.,100.,2.,8.,100.,2.,0.,2.2,       443P    505
3.,0.,0.,0.;                                                         443P    506
126,1,1,0,0,1,0,-0.0697224362268011,-0.0697224362268011,0.,0.,       445P    507
1.,1.,99.302775637732,2.,8.,100.,2.,8.,-0.0697224362268011,0.,       445P    508
0.,0.,0.;                                                            445P    509
126,2,2,0,0,0,0,0.,0.,0.,0.541099525957151,0.541099525957151,        447P    510
0.541099525957151,1.,0.963624111659318,1.,99.302775637732,2.,        447P    511
7.99999999999997,99.0254255396194,2.,7.99999999999997,               447P    512
98.7876968840943,2.,7.85714285714283,0.,0.541099525957151,0.,0.,     447P    513
0.;                                                                  447P    514
126,6,2,0,0,0,0,0.,0.,0.,1.40793056850136,1.40793056850136,          449P    515
2.81586113700272,2.81586113700272,4.22379170550408,                  449P    516
4.22379170550408,4.22379170550408,1.,0.762281674747334,1.,           449P    517
0.762281674747332,1.,0.762281674747334,1.,98.7876968840943,2.,       449P    518
12.1428571428571,96.9682192007143,2.,13.2362271565219,               449P    519
95.5942958131317,2.,11.618113578261,94.220372425549,2.,              449P    520
9.99999999999999,95.5942958131317,2.,8.38188642173901,               449P    521
96.9682192007143,2.,6.76377284347804,98.7876968840943,2.,            449P    522
7.85714285714285,0.,4.22379170550408,0.,0.,0.;                       449P    523
126,2,2,0,0,0,0,0.,0.,0.,0.541099525957151,0.541099525957151,        451P    524
0.541099525957151,1.,0.963624111659345,1.,98.7876968840943,2.,       451P    525
12.1428571428571,99.0254255396194,2.,12.,99.302775637732,2.,12.,     451P    526
0.,0.541099525957151,0.,0.,0.;                                       451P    527
126,1,1,0,0,1,0,-0.069722436226801,-0.069722436226801,0.,0.,1.,      453P    528
1.,99.302775637732,2.,12.,100.,2.,12.,-0.069722436226801,0.,0.,      453P    529
0.,0.;                                                               453P    530
126,1,1,0,0,1,0,0.5,0.5,1.8,1.8,1.,1.,100.,2.,25.,100.,2.,12.,       455P    531
0.5,1.8,0.,0.,0.;                                                    455P    532
126,1,1,0,0,1,0,-5.125,-5.125,4.875,4.875,1.,1.,100.,2.,25.,         457P    533
200.,2.,25.,-5.125,4.875,0.,0.,0.;                                   457P    534
126,1,1,0,0,1,0,1.22,1.22,2.5,2.5,1.,1.,200.,2.,12.2,200.,2.,        459P    535
25.,1.22,2.5,0.,0.,0.;                                               459P    536
126,1,1,0,0,1,0,-4.8401387818866,-4.8401387818866,                   461P    537
-4.7704163456598,-4.7704163456598,1.,1.,200.,2.,12.2,                461P    538
199.302775637732,2.,12.2,-4.8401387818866,-4.7704163456598,0.,       461P    539
0.,0.;                                                               461P    540
126,2,2,0,0,0,0,-0.541099525957149,-0.541099525957149,               463P    541
-0.541099525957149,9.86623976961869D-15,9.86623976961869D-15,        463P    542
9.86623976961869D-15,1.,0.963624111659759,1.,199.302775637732,       463P    543
2.,12.2,199.080895559242,2.,12.2,198.890712634822,2.,                463P    544
12.3142857142857,-0.541099525957149,9.86623976961869D-15,0.,0.,      463P    545
0.;                                                                  463P    546
126,6,2,0,0,0,0,-1.54197642309049D-15,-1.54197642309049D-15,         465P    547
-1.54197642309049D-15,1.40793056850136,1.40793056850136,             465P    548
2.81586113700272,2.81586113700272,4.22379170550408,                  465P    549
4.22379170550408,4.22379170550408,1.,0.762281674747334,1.,           465P    550
0.762281674747356,1.,0.762281674747334,1.,198.890712634822,2.,       465P    551
12.3142857142857,196.925676736771,2.,13.4951253290437,               465P    552
195.441839478182,2.,11.7475626645218,193.958002219593,2.,            465P    553
9.99999999999999,195.441839478182,2.,8.25243733547813,               465P    554
196.925676736771,2.,6.50487467095628,198.890712634822,2.,            465P    555
7.68571428571428,-1.54197642309049D-15,4.22379170550408,0.,0.,       465P    556
0.;                                                                  465P    557
126,2,2,0,0,0,0,-0.54109952595714,-0.54109952595714,                 467P    558
-0.54109952595714,-3.23681033759132D-15,-3.23681033759132D-15,       467P    559
-3.23681033759132D-15,1.,0.963624111659523,1.,198.890712634822,      467P    560
2.,7.68571428571426,199.080895559242,2.,7.79999999999997,            467P    561
199.302775637732,2.,7.79999999999997,-0.54109952595714,              467P    562
-3.23681033759132D-15,0.,0.,0.;                                      467P    563
126,1,1,0,0,1,0,4.8052775637732,4.8052775637732,4.875,4.875,1.,      469P    564
1.,199.302775637732,2.,7.8,200.,2.,7.8,4.8052775637732,4.875,0.,     469P    565
0.,0.;                                                               469P    566
126,1,1,0,0,1,0,0.,0.,0.78,0.78,1.,1.,200.,2.,0.,200.,2.,7.8,0.,     471P    567
0.78,0.,0.,0.;                                                       471P    568
126,1,1,0,0,1,0,7.72,7.72,10.,10.,1.,1.,177.2,2.,0.,200.,2.,0.,      473P    569
7.72,10.,0.,0.,0.;                                                   473P    570
126,1,1,0,0,1,0,0.,0.,0.2,0.2,1.,1.,199.302775637732,2.,12.2,        475P    571
199.302775637732,0.,12.2,0.,0.2,0.,0.,0.;                            475P    572
126,2,2,0,0,0,0,2.02962646689295D-14,2.02962646689295D-14,           477P    573
2.02962646689295D-14,0.541099525957149,0.541099525957149,            477P    574
0.541099525957149,1.,0.963624111659522,1.,198.890712634822,0.,       477P    575
12.3142857142857,199.080895559242,0.,12.2,199.302775637732,0.,       477P    576
12.2,2.02962646689295D-14,0.541099525957149,0.,0.,0.;                477P    577
126,1,1,0,0,1,0,0.,0.,0.2,0.2,1.,1.,198.890712634822,2.,             479P    578
12.3142857142857,198.890712634822,0.,12.3142857142857,0.,0.2,0.,     479P    579
0.,0.;                                                               479P    580
126,6,2,0,0,0,0,-4.22379170550408,-4.22379170550408,                 481P    581
-4.22379170550408,-2.81586113700272,-2.81586113700272,               481P    582
-1.40793056850136,-1.40793056850136,1.52293967712641D-15,            481P    583
1.52293967712641D-15,1.52293967712641D-15,1.,0.762281674747334,      481P    584
1.,0.762281674747356,1.,0.762281674747334,1.,198.890712634822,       481P    585
0.,7.68571428571428,196.925676736771,0.,6.50487467095628,            481P    586
195.441839478182,0.,8.25243733547813,193.958002219593,0.,            481P    587
9.99999999999999,195.441839478182,0.,11.7475626645218,               481P    588
196.925676736771,0.,13.4951253290437,198.890712634822,0.,            481P    589
12.3142857142857,-4.22379170550408,1.52293967712641D-15,0.,0.,       481P    590
0.;                                                                  481P    591
126,1,1,0,0,1,0,0.,0.,0.2,0.2,1.,1.,198.890712634822,2.,             483P    592
7.68571428571427,198.890712634822,0.,7.68571428571427,0.,0.2,0.,     483P    593
0.,0.;                                                               483P    594
126,2,2,0,0,0,0,-3.23681033759132D-15,-3.23681033759132D-15,         485P    595
-3.23681033759132D-15,0.54109952595714,0.54109952595714,             485P    596
0.54109952595714,1.,0.963624111659792,1.,199.302775637732,0.,        485P    597
7.79999999999997,199.080895559242,0.,7.79999999999997,               485P    598
198.890712634822,0.,7.68571428571426,-3.23681033759132D-15,          485P    599
0.54109952595714,0.,0.,0.;                                           485P    600
126,1,1,0,0,1,0,0.,0.,0.2,0.2,1.,1.,199.302775637732,2.,7.8,         487P    601
199.302775637732,0.,7.8,0.,0.2,0.,0.,0.;                             487P    602
126,1,1,0,0,1,0,0.,0.,0.2,0.2,1.,1.,200.,2.,7.8,200.,0.,7.8,0.,      489P    603
0.2,0.,0.,0.;                                                        489P    604
126,1,1,0,0,1,0,-4.875,-4.875,-4.8052775637732,-4.8052775637732,     491P    605
1.,1.,200.,0.,7.8,199.302775637732,0.,7.8,-4.875,                    491P    606
-4.8052775637732,0.,0.,0.;                                           491P    607
126,1,1,0,0,1,0,-0.2,-0.2,0.,0.,1.,1.,200.,0.,12.2,200.,2.,12.2,     493P    608
-0.2,0.,0.,0.,0.;                                                    493P    609
126,1,1,0,0,1,0,4.7704163456598,4.7704163456598,4.8401387818866,     495P    610
4.8401387818866,1.,1.,199.302775637732,0.,12.2,200.,0.,12.2,         495P    611
4.7704163456598,4.8401387818866,0.,0.,0.;                            495P    612
126,1,1,0,0,1,0,7.72,7.72,10.,10.,1.,1.,177.2,0.,0.,200.,0.,0.,      497P    613
7.72,10.,0.,0.,0.;                                                   497P    614
126,1,1,0,0,1,0,0.,0.,0.78,0.78,1.,1.,200.,0.,0.,200.,0.,7.8,0.,     499P    615
0.78,0.,0.,0.;                                                       499P    616
126,1,1,0,0,1,0,1.22,1.22,3.,3.,1.,1.,200.,0.,12.2,200.,0.,30.,      501P    617
1.22,3.,0.,0.,0.;                                                    501P    618
126,1,1,0,0,1,0,0.,0.,10.,10.,1.,1.,200.,0.,30.,100.,0.,30.,0.,      503P    619
10.,0.,0.,0.;                                                        503P    620
126,1,1,0,0,1,0,0.,0.,1.8,1.8,1.,1.,100.,0.,30.,100.,0.,12.,0.,      505P    621
1.8,0.,0.,0.;                                                        505P    622
126,1,1,0,0,1,0,3.26311457627254D-31,3.26311457627254D-31,           507P    623
0.069722436226801,0.069722436226801,1.,1.,100.,0.,12.,               507P    624
99.302775637732,0.,12.,3.26311457627254D-31,0.069722436226801,       507P    625
0.,0.,0.;                                                            507P    626
126,2,2,0,0,0,0,0.,0.,0.,0.541099525957151,0.541099525957151,        509P    627
0.541099525957151,1.,0.963624111659345,1.,98.7876968840943,0.,       509P    628
12.1428571428571,99.0254255396194,0.,12.,99.302775637732,0.,12.,     509P    629
0.,0.541099525957151,0.,0.,0.;                                       509P    630
126,6,2,0,0,0,0,2.05939360167551,2.05939360167551,                   511P    631
2.05939360167551,3.46732417017687,3.46732417017687,                  511P    632
4.87525473867822,4.87525473867822,6.28318530717958,                  511P    633
6.28318530717958,6.28318530717958,1.,0.762281674747331,1.,           511P    634
0.762281674747332,1.,0.762281674747336,1.,98.7876968840943,0.,       511P    635
7.85714285714284,96.9682192007143,0.,6.76377284347804,               511P    636
95.5942958131317,0.,8.38188642173901,94.220372425549,0.,             511P    637
9.99999999999999,95.5942958131317,0.,11.618113578261,                511P    638
96.9682192007143,0.,13.2362271565219,98.7876968840943,0.,            511P    639
12.1428571428571,2.05939360167551,6.28318530717958,0.,0.,0.;         511P    640
126,2,2,0,0,0,0,0.,0.,0.,0.541099525957151,0.541099525957151,        513P    641
0.541099525957151,1.,0.963624111659318,1.,99.302775637732,0.,        513P    642
7.99999999999997,99.0254255396194,0.,7.99999999999997,               513P    643
98.7876968840943,0.,7.85714285714283,0.,0.541099525957151,0.,0.,     513P    644
0.;                                                                  513P    645
126,1,1,0,0,1,0,-0.0697224362268011,-0.0697224362268011,0.,0.,       515P    646
1.,1.,99.302775637732,0.,8.,100.,0.,8.,-0.0697224362268011,0.,       515P    647
0.,0.,0.;                                                            515P    648
126,1,1,0,0,1,0,2.2,2.2,3.,3.,1.,1.,100.,0.,8.,100.,0.,0.,2.2,       517P    649
3.,0.,0.,0.;                                                         517P    650
126,1,1,0,0,1,0,0.,0.,0.9,0.9,1.,1.,200.,2.,25.,200.,11.,25.,0.,     519P    651
0.9,0.,0.,0.;                                                        519P    652
126,2,2,0,0,0,0,-0.785398163397449,-0.785398163397449,               521P    653
-0.785398163397449,0.785398163397448,0.785398163397448,              521P    654
0.785398163397448,1.,0.707106781186547,1.,200.,15.,29.,200.,15.,     521P    655
25.,200.,11.,25.,-0.785398163397449,0.785398163397448,0.,0.,0.;      521P    656
126,1,1,0,0,1,0,-3.,-3.,-2.9,-2.9,1.,1.,200.,15.,30.,200.,15.,       523P    657
29.,-3.,-2.9,0.,0.,0.;                                               523P    658
126,1,1,0,0,1,0,-0.2,-0.2,1.3,1.3,1.,1.,200.,0.,30.,200.,15.,        525P    659
30.,-0.2,1.3,0.,0.,0.;                                               525P    660
126,2,2,0,0,0,0,5.49778714378214,5.49778714378214,                   527P    661
5.49778714378214,7.06858347057704,7.06858347057704,                  527P    662
7.06858347057704,1.,0.707106781186547,1.,100.,11.,25.,100.,15.,      527P    663
25.,100.,15.,29.,5.49778714378214,7.06858347057704,0.,0.,0.;         527P    664
126,1,1,0,0,1,0,-7.5,-7.5,2.5,2.5,1.,1.,100.,15.,29.,200.,15.,       529P    665
29.,-7.5,2.5,0.,0.,0.;                                               529P    666
126,1,1,0,0,1,0,-2.5,-2.5,7.5,7.5,1.,1.,200.,11.,25.,100.,11.,       531P    667
25.,-2.5,7.5,0.,0.,0.;                                               531P    668
126,1,1,0,0,1,0,0.,0.,0.2,0.2,1.,1.,200.,2.,0.,200.,0.,0.,0.,        533P    669
0.2,0.,0.,0.;                                                        533P    670
126,1,1,0,0,1,0,-0.0999999999999996,-0.0999999999999996,0.,0.,       535P    671
1.,1.,100.,15.,29.,100.,15.,30.,-0.0999999999999996,0.,0.,0.,0.;     535P    672
126,1,1,0,0,1,0,-10.,-10.,0.,0.,1.,1.,100.,15.,30.,200.,15.,30.,     537P    673
-10.,0.,0.,0.,0.;                                                    537P    674
126,1,1,0,0,1,0,0.,0.,0.9,0.9,1.,1.,100.,2.,25.,100.,11.,25.,0.,     539P    675
0.9,0.,0.,0.;                                                        539P    676
126,1,1,0,0,1,0,-0.2,-0.2,0.,0.,1.,1.,100.,0.,12.,100.,2.,12.,       541P    677
-0.2,0.,0.,0.,0.;                                                    541P    678
126,1,1,0,0,1,0,-1.3,-1.3,0.2,0.2,1.,1.,100.,15.,30.,100.,0.,        543P    679
30.,-1.3,0.2,0.,0.,0.;                                               543P    680
126,1,1,0,0,1,0,0.,0.,0.2,0.2,1.,1.,100.,2.,8.,100.,0.,8.,0.,        545P    681
0.2,0.,0.,0.;                                                        545P    682
126,1,1,0,0,1,0,0.,0.,0.2,0.2,1.,1.,99.302775637732,2.,8.,           547P    683
99.302775637732,0.,8.,0.,0.2,0.,0.,0.;                               547P    684
126,1,1,0,0,1,0,0.,0.,0.2,0.2,1.,1.,98.7876968840943,2.,             549P    685
12.1428571428571,98.7876968840943,0.,12.1428571428571,0.,0.2,0.,     549P    686
0.,0.;                                                               549P    687
126,1,1,0,0,1,0,0.,0.,0.2,0.2,1.,1.,99.302775637732,2.,12.,          551P    688
99.302775637732,0.,12.,0.,0.2,0.,0.,0.;                              551P    689
126,1,1,0,0,1,0,0.,0.,0.2,0.2,1.,1.,98.7876968840943,2.,             553P    690
7.85714285714284,98.7876968840943,0.,7.85714285714284,0.,0.2,0.,     553P    691
0.,0.;                                                               553P    692
128,1,1,1,1,0,0,1,0,0,-0.070722436226801,-0.070722436226801,         555P    693
0.001,0.001,-0.001,-0.001,0.201,0.201,1.,1.,1.,1.,207.8,2.01,        555P    694
-0.01,207.8,2.01,0.70722436226801,207.8,-0.01,-0.01,207.8,-0.01,     555P    695
0.70722436226801,-0.070722436226801,0.001,-0.001,0.201;              555P    696
128,1,2,1,2,0,0,0,0,0,0.,0.,2.00000000000002,2.00000000000002,       557P    697
-0.541099525957149,-0.541099525957149,-0.541099525957149,            557P    698
3.12250225675839D-14,3.12250225675839D-14,3.12250225675839D-14,      557P    699
1.,1.,0.963624111659427,0.963624111659427,1.,1.,212.2,2.,            557P    700
0.697224362268009,212.2,0.,0.697224362268009,212.2,2.,               557P    701
0.919104440758099,212.2,0.,0.919104440758099,212.314285714286,       557P    702
2.,1.10928736517818,212.314285714286,0.,1.10928736517818,0.,         557P    703
2.00000000000002,-0.541099525957149,3.12250225675839D-14;            557P    704
128,1,6,1,2,0,0,0,0,0,0.,0.,0.8,0.8,2.05939360167551,                559P    705
2.05939360167551,2.05939360167551,3.46732417017687,                  559P    706
3.46732417017687,4.87525473867822,4.87525473867822,                  559P    707
6.28318530717958,6.28318530717958,6.28318530717958,1.,1.,            559P    708
0.76228167474733,0.76228167474733,1.,1.,0.76228167474733,            559P    709
0.76228167474733,1.,1.,0.76228167474733,0.76228167474733,1.,1.,      559P    710
207.685714285714,0.,1.10928736517818,207.685714285714,2.,            559P    711
1.10928736517818,206.504874670956,0.,3.07432326322854,               559P    712
206.504874670956,2.,3.07432326322854,208.252437335478,0.,            559P    713
4.5581605218178,208.252437335478,2.,4.5581605218178,210.,0.,         559P    714
6.04199778040705,210.,2.,6.04199778040705,211.747562664522,0.,       559P    715
4.5581605218178,211.747562664522,2.,4.5581605218178,                 559P    716
213.495125329044,0.,3.07432326322855,213.495125329044,2.,            559P    717
3.07432326322855,212.314285714286,0.,1.10928736517818,               559P    718
212.314285714286,2.,1.10928736517818,0.,0.8,2.05939360167551,        559P    719
6.28318530717958;                                                    559P    720
128,1,2,1,2,0,0,0,0,0,0.,0.,2.00000000000002,2.00000000000002,       561P    721
-0.54109952595716,-0.54109952595716,-0.54109952595716,               561P    722
-3.17557799763395D-15,-3.17557799763395D-15,                         561P    723
-3.17557799763395D-15,1.,1.,0.96362411165943,0.96362411165943,       561P    724
1.,1.,207.685714285714,2.,1.10928736517818,207.685714285714,0.,      561P    725
1.10928736517818,207.8,2.,0.9191044407581,207.8,0.,                  561P    726
0.9191044407581,207.8,2.,0.697224362268007,207.8,0.,                 561P    727
0.697224362268007,0.,2.00000000000002,-0.54109952595716,             561P    728
-3.17557799763395D-15;                                               561P    729
128,1,1,1,1,0,0,1,0,0,0.068722436226801,0.068722436226801,           563P    730
0.140444872453602,0.140444872453602,-0.001,-0.001,0.201,0.201,       563P    731
1.,1.,1.,1.,212.2,2.01,0.70722436226801,212.2,2.01,-0.01,212.2,      563P    732
-0.01,0.70722436226801,212.2,-0.01,-0.01,0.068722436226801,          563P    733
0.140444872453602,-0.001,0.201;                                      563P    734
128,1,1,1,1,0,0,1,0,0,-1.501,-1.501,1.501,1.501,                     565P    735
-2.0789627574451,-2.0789627574451,1.501,1.501,1.,1.,1.,1.,           565P    736
194.210372425549,0.,30.01,194.210372425549,0.,                       565P    737
-0.0099999999999989,230.01,0.,30.01,230.01,0.,                       565P    738
-0.0099999999999989,-1.501,1.501,-2.0789627574451,1.501;             565P    739
128,1,1,1,1,0,0,1,0,0,1.219,1.219,3.001,3.001,-1.301,-1.301,         567P    740
0.201,0.201,1.,1.,1.,1.,212.19,15.01,0.,230.01,15.01,0.,212.19,      567P    741
-0.01,0.,230.01,-0.0100000000000011,0.,1.219,3.001,-1.301,0.201;     567P    742
128,1,1,1,1,0,0,1,0,0,-0.001,-0.001,0.781000000000001,               569P    743
0.781000000000001,-0.001,-0.001,0.201,0.201,1.,1.,1.,1.,199.99,      569P    744
2.01,0.,207.81,2.01,0.,199.99,-0.01,0.,207.81,-0.01,0.,-0.001,       569P    745
0.781000000000001,-0.001,0.201;                                      569P    746
128,1,1,1,1,0,0,1,0,0,-0.070722436226801,-0.070722436226801,         571P    747
0.001,0.001,-0.001,-0.001,0.201,0.201,1.,1.,1.,1.,                   571P    748
199.292775637732,2.01,8.,200.01,2.01,8.,199.292775637732,-0.01,      571P    749
8.,200.01,-0.01,8.,-0.070722436226801,0.001,-0.001,0.201;            571P    750
128,1,2,1,2,0,0,0,0,0,0.,0.,2.00000000000002,2.00000000000002,       573P    751
-0.541099525957149,-0.541099525957149,-0.541099525957149,            573P    752
2.01921812603707D-14,2.01921812603707D-14,2.01921812603707D-14,      573P    753
1.,1.,0.963624111659428,0.963624111659428,1.,1.,                     573P    754
199.302775637732,0.,12.,199.302775637732,2.,12.,                     573P    755
199.025425539619,0.,12.,199.025425539619,2.,12.,                     573P    756
198.787696884094,0.,12.1428571428571,198.787696884094,2.,            573P    757
12.1428571428571,0.,2.00000000000002,-0.541099525957149,             573P    758
2.01921812603707D-14;                                                573P    759
128,1,6,1,2,0,0,0,0,0,0.,0.,0.8,0.8,2.05939360167551,                575P    760
2.05939360167551,2.05939360167551,3.46732417017687,                  575P    761
3.46732417017687,4.87525473867822,4.87525473867822,                  575P    762
6.28318530717958,6.28318530717958,6.28318530717958,1.,1.,            575P    763
0.762281674747329,0.762281674747329,1.,1.,0.762281674747329,         575P    764
0.762281674747329,1.,1.,0.762281674747329,0.762281674747329,1.,      575P    765
1.,198.787696884094,2.,7.85714285714285,198.787696884094,0.,         575P    766
7.85714285714285,196.968219200714,2.,6.76377284347804,               575P    767
196.968219200714,0.,6.76377284347804,195.594295813132,2.,            575P    768
8.38188642173901,195.594295813132,0.,8.38188642173901,               575P    769
194.220372425549,2.,9.99999999999998,194.220372425549,0.,            575P    770
9.99999999999998,195.594295813132,2.,11.618113578261,                575P    771
195.594295813132,0.,11.618113578261,196.968219200714,2.,             575P    772
13.2362271565219,196.968219200714,0.,13.2362271565219,               575P    773
198.787696884094,2.,12.1428571428571,198.787696884094,0.,            575P    774
12.1428571428571,0.,0.8,2.05939360167551,6.28318530717958;           575P    775
128,1,2,1,2,0,0,0,0,0,0.,0.,2.00000000000002,2.00000000000002,       577P    776
-0.54109952595716,-0.54109952595716,-0.54109952595716,               577P    777
-3.23681033759132D-15,-3.23681033759132D-15,                         577P    778
-3.23681033759132D-15,1.,1.,0.96362411165943,0.96362411165943,       577P    779
1.,1.,198.787696884094,0.,7.85714285714282,198.787696884094,2.,      577P    780
7.85714285714282,199.025425539619,0.,7.99999999999997,               577P    781
199.025425539619,2.,7.99999999999997,199.302775637732,0.,            577P    782
7.99999999999997,199.302775637732,2.,7.99999999999997,0.,            577P    783
2.00000000000002,-0.54109952595716,-3.23681033759132D-15;            577P    784
128,1,1,1,1,0,0,1,0,0,0.068722436226801,0.068722436226801,           579P    785
0.140444872453602,0.140444872453602,-0.001,-0.001,0.201,0.201,       579P    786
1.,1.,1.,1.,200.01,2.01,12.,199.292775637732,2.01,12.,200.01,        579P    787
-0.01,12.,199.292775637732,-0.01,12.,0.068722436226801,              579P    788
0.140444872453602,-0.001,0.201;                                      579P    789
128,1,1,1,1,0,0,1,0,0,-1.001,-1.001,2.0789627574451,                 581P    790
2.0789627574451,-1.501,-1.501,1.001,1.001,1.,1.,1.,1.,225.01,2.,     581P    791
-0.0099999999999989,194.210372425549,2.,-0.0099999999999989,         581P    792
225.01,2.,25.01,194.210372425549,2.,25.01,-1.001,                    581P    793
2.0789627574451,-1.501,1.001;                                        581P    794
128,1,1,1,1,0,0,1,0,0,-0.001,-0.001,1.801,1.801,-1.301,-1.301,       583P    795
0.201,0.201,1.,1.,1.,1.,200.,15.01,30.01,200.,15.01,11.99,200.,      583P    796
-0.01,30.01,200.,-0.0099999999999989,11.99,-0.001,1.801,-1.301,      583P    797
0.201;                                                               583P    798
128,1,2,1,2,0,0,0,0,0,-2.25,-2.25,5.,5.,-0.785398163397448,          585P    799
-0.785398163397448,-0.785398163397448,0.78539816339745,              585P    800
0.78539816339745,0.78539816339745,1.,1.,0.707106781186547,           585P    801
0.707106781186547,1.,1.,200.,15.,29.,229.,15.,29.,200.,15.,25.,      585P    802
229.,15.,25.,200.,11.,25.,229.,11.,25.,-2.25,5.,                     585P    803
-0.785398163397448,0.78539816339745;                                 585P    804
128,1,2,1,2,0,0,0,0,0,-1.875,-1.875,5.375,5.375,                     587P    805
-0.785398163397447,-0.785398163397447,-0.785398163397447,            587P    806
0.78539816339745,0.78539816339745,0.78539816339745,1.,1.,            587P    807
0.707106781186548,0.707106781186548,1.,1.,229.,15.,29.,229.,15.,     587P    808
0.,225.,15.,29.,225.,15.,0.,225.,11.,29.,225.,11.,0.,-1.875,         587P    809
5.375,-0.785398163397447,0.78539816339745;                           587P    810
128,1,1,1,1,0,0,1,0,0,-1.501,-1.501,1.501,1.501,-1.501,-1.501,       589P    811
1.501,1.501,1.,1.,1.,1.,199.99,15.,-0.0099999999999989,199.99,       589P    812
15.,30.01,230.01,15.,-0.0099999999999989,230.01,15.,30.01,           589P    813
-1.501,1.501,-1.501,1.501;                                           589P    814
128,1,1,1,1,0,0,1,0,0,-0.001,-0.001,2.501,2.501,-0.001,-0.001,       591P    815
0.901,0.901,1.,1.,1.,1.,225.,1.99,-0.01,225.,1.99,25.01,225.,        591P    816
11.01,-0.01,225.,11.01,25.01,-0.001,2.501,-0.001,0.901;              591P    817
128,1,1,1,1,0,0,1,0,0,-0.001,-0.001,2.501,2.501,-0.001,-0.001,       593P    818
0.901,0.901,1.,1.,1.,1.,225.01,1.99,25.,199.99,1.99,25.,225.01,      593P    819
11.01,25.,199.99,11.01,25.,-0.001,2.501,-0.001,0.901;                593P    820
128,1,1,1,1,0,0,1,0,0,-0.001,-0.001,3.001,3.001,-1.301,-1.301,       595P    821
0.201,0.201,1.,1.,1.,1.,230.,15.01,-0.01,230.,15.01,30.01,230.,      595P    822
-0.01,-0.01,230.,-0.0099999999999989,30.01,-0.001,3.001,-1.301,      595P    823
0.201;                                                               595P    824
128,1,1,1,1,0,0,1,0,0,2.199,2.199,3.001,3.001,-0.001,-0.001,         597P    825
0.201,0.201,1.,1.,1.,1.,200.,2.01,8.01,200.,2.01,                    597P    826
-0.0099999999999989,200.,-0.01,8.01,200.,-0.01,                      597P    827
-0.0099999999999989,2.199,3.001,-0.001,0.201;                        597P    828
128,1,1,1,1,0,0,1,0,0,-0.001,-0.001,3.001,3.001,-1.301,-1.301,       599P    829
0.201,0.201,1.,1.,1.,1.,230.01,15.01,30.,199.99,15.01,30.,           599P    830
230.01,-0.01,30.,199.99,-0.0099999999999989,30.,-0.001,3.001,        599P    831
-1.301,0.201;                                                        599P    832
128,1,1,1,1,0,0,1,0,0,-0.0707224362268011,-0.0707224362268011,       601P    833
0.001,0.001,-0.001,-0.001,0.201,0.201,1.,1.,1.,1.,122.8,2.01,        601P    834
-0.01,122.8,2.01,0.707224362268011,122.8,-0.01,-0.01,122.8,          601P    835
-0.01,0.707224362268011,-0.0707224362268011,0.001,-0.001,0.201;      601P    836
128,1,2,1,2,0,0,0,0,0,0.,0.,2.00000000000002,2.00000000000002,       603P    837
-0.541099525957151,-0.541099525957151,-0.541099525957151,            603P    838
1.11889664200508D-14,1.11889664200508D-14,1.11889664200508D-14,      603P    839
1.,1.,0.963624111659429,0.963624111659429,1.,1.,127.2,2.,            603P    840
0.697224362268009,127.2,0.,0.697224362268009,127.2,2.,               603P    841
0.919104440758101,127.2,0.,0.919104440758101,127.314285714286,       603P    842
2.,1.10928736517818,127.314285714286,0.,1.10928736517818,0.,         603P    843
2.00000000000002,-0.541099525957151,1.11889664200508D-14;            603P    844
128,1,6,1,2,0,0,0,0,0,0.,0.,0.8,0.8,2.05939360167551,                605P    845
2.05939360167551,2.05939360167551,3.46732417017687,                  605P    846
3.46732417017687,4.87525473867823,4.87525473867823,                  605P    847
6.28318530717959,6.28318530717959,6.28318530717959,1.,1.,            605P    848
0.762281674747329,0.762281674747329,1.,1.,0.762281674747329,         605P    849
0.762281674747329,1.,1.,0.762281674747329,0.762281674747329,1.,      605P    850
1.,122.685714285714,0.,1.10928736517818,122.685714285714,2.,         605P    851
1.10928736517818,121.504874670956,0.,3.07432326322854,               605P    852
121.504874670956,2.,3.07432326322854,123.252437335478,0.,            605P    853
4.55816052181779,123.252437335478,2.,4.55816052181779,125.,0.,       605P    854
6.04199778040703,125.,2.,6.04199778040703,126.747562664522,0.,       605P    855
4.55816052181779,126.747562664522,2.,4.55816052181779,               605P    856
128.495125329044,0.,3.07432326322853,128.495125329044,2.,            605P    857
3.07432326322853,127.314285714286,0.,1.10928736517818,               605P    858
127.314285714286,2.,1.10928736517818,0.,0.8,2.05939360167551,        605P    859
6.28318530717959;                                                    605P    860
128,1,2,1,2,0,0,0,0,0,0.,0.,2.00000000000002,2.00000000000002,       607P    861
-0.541099525957162,-0.541099525957162,-0.541099525957162,            607P    862
7.63278329429839D-16,7.63278329429839D-16,7.63278329429839D-16,      607P    863
1.,1.,0.963624111659429,0.963624111659429,1.,1.,                     607P    864
122.685714285714,2.,1.10928736517818,122.685714285714,0.,            607P    865
1.10928736517818,122.8,2.,0.919104440758106,122.8,0.,                607P    866
0.919104440758106,122.8,2.,0.697224362268012,122.8,0.,               607P    867
0.697224362268012,0.,2.00000000000002,-0.541099525957162,            607P    868
7.63278329429839D-16;                                                607P    869
128,1,1,1,1,0,0,1,0,0,0.068722436226801,0.068722436226801,           609P    870
0.140444872453602,0.140444872453602,-0.001,-0.001,0.201,0.201,       609P    871
1.,1.,1.,1.,127.2,2.01,0.707224362268011,127.2,2.01,-0.01,127.2,     609P    872
-0.01,0.707224362268011,127.2,-0.01,-0.01,0.068722436226801,         609P    873
0.140444872453602,-0.001,0.201;                                      609P    874
128,1,1,1,1,0,0,1,0,0,2.719,2.719,7.281,7.281,-0.001,-0.001,         611P    875
0.201,0.201,1.,1.,1.,1.,127.19,2.01,0.,172.81,2.01,0.,127.19,        611P    876
-0.01,0.,172.81,-0.01,0.,2.719,7.281,-0.001,0.201;                   611P    877
128,1,1,1,1,0,0,1,0,0,-0.001,-0.001,2.281,2.281,-0.001,-0.001,       613P    878
0.201,0.201,1.,1.,1.,1.,99.99,2.01,0.,122.81,2.01,0.,99.99,          613P    879
-0.01,0.,122.81,-0.01,0.,-0.001,2.281,-0.001,0.201;                  613P    880
128,1,1,1,1,0,0,1,0,0,-0.0707224362268011,-0.0707224362268011,       615P    881
0.001,0.001,-0.001,-0.001,0.201,0.201,1.,1.,1.,1.,172.8,2.01,        615P    882
-0.01,172.8,2.01,0.707224362268011,172.8,-0.01,-0.01,172.8,          615P    883
-0.01,0.707224362268011,-0.0707224362268011,0.001,-0.001,0.201;      615P    884
128,1,2,1,2,0,0,0,0,0,0.,0.,2.00000000000002,2.00000000000002,       617P    885
-0.541099525957152,-0.541099525957152,-0.541099525957152,            617P    886
2.26381413614985D-14,2.26381413614985D-14,2.26381413614985D-14,      617P    887
1.,1.,0.963624111659428,0.963624111659428,1.,1.,177.2,2.,            617P    888
0.697224362268009,177.2,0.,0.697224362268009,177.2,2.,               617P    889
0.919104440758101,177.2,0.,0.919104440758101,177.314285714286,       617P    890
2.,1.10928736517818,177.314285714286,0.,1.10928736517818,0.,         617P    891
2.00000000000002,-0.541099525957152,2.26381413614985D-14;            617P    892
128,1,6,1,2,0,0,0,0,0,0.,0.,0.8,0.8,2.05939360167551,                619P    893
2.05939360167551,2.05939360167551,3.46732417017687,                  619P    894
3.46732417017687,4.87525473867822,4.87525473867822,                  619P    895
6.28318530717958,6.28318530717958,6.28318530717958,1.,1.,            619P    896
0.76228167474733,0.76228167474733,1.,1.,0.76228167474733,            619P    897
0.76228167474733,1.,1.,0.76228167474733,0.76228167474733,1.,1.,      619P    898
172.685714285714,0.,1.10928736517817,172.685714285714,2.,            619P    899
1.10928736517817,171.504874670956,0.,3.07432326322854,               619P    900
171.504874670956,2.,3.07432326322854,173.252437335478,0.,            619P    901
4.55816052181779,173.252437335478,2.,4.55816052181779,175.,0.,       619P    902
6.04199778040705,175.,2.,6.04199778040705,176.747562664522,0.,       619P    903
4.5581605218178,176.747562664522,2.,4.5581605218178,                 619P    904
178.495125329044,0.,3.07432326322855,178.495125329044,2.,            619P    905
3.07432326322855,177.314285714286,0.,1.10928736517818,               619P    906
177.314285714286,2.,1.10928736517818,0.,0.8,2.05939360167551,        619P    907
6.28318530717958;                                                    619P    908
128,1,2,1,2,0,0,0,0,0,0.,0.,2.00000000000002,2.00000000000002,       621P    909
-0.541099525957174,-0.541099525957174,-0.541099525957174,            621P    910
7.63278329429839D-16,7.63278329429839D-16,7.63278329429839D-16,      621P    911
1.,1.,0.963624111659428,0.963624111659428,1.,1.,                     621P    912
172.685714285714,2.,1.10928736517819,172.685714285714,0.,            621P    913
1.10928736517819,172.8,2.,0.919104440758111,172.8,0.,                621P    914
0.919104440758111,172.8,2.,0.697224362268012,172.8,0.,               621P    915
0.697224362268012,0.,2.00000000000002,-0.541099525957174,            621P    916
7.63278329429839D-16;                                                621P    917
128,1,1,1,1,0,0,1,0,0,0.068722436226801,0.068722436226801,           623P    918
0.140444872453602,0.140444872453602,-0.001,-0.001,0.201,0.201,       623P    919
1.,1.,1.,1.,177.2,2.01,0.707224362268011,177.2,2.01,-0.01,177.2,     623P    920
-0.01,0.707224362268011,177.2,-0.01,-0.01,0.068722436226801,         623P    921
0.140444872453602,-0.001,0.201;                                      623P    922
128,1,1,1,1,0,0,1,0,0,-1.501,-1.501,1.001,1.001,-9.751,-9.751,       625P    923
0.828962757445096,0.828962757445096,1.,1.,1.,1.,200.01,2.,25.01,     625P    924
200.01,2.,-0.00999999999999875,94.210372425549,2.,25.01,             625P    925
94.210372425549,2.,-0.0100000000000167,-1.501,1.001,-9.751,          625P    926
0.828962757445096;                                                   625P    927
128,1,2,1,2,0,0,0,0,0,0.,0.,2.00000000000002,2.00000000000002,       627P    928
-0.541099525957149,-0.541099525957149,-0.541099525957149,            627P    929
9.97465998686712D-15,9.97465998686712D-15,9.97465998686712D-15,      627P    930
1.,1.,0.96362411165943,0.96362411165943,1.,1.,199.302775637732,      627P    931
2.,12.2,199.302775637732,0.,12.2,199.080895559242,2.,12.2,           627P    932
199.080895559242,0.,12.2,198.890712634822,2.,12.3142857142857,       627P    933
198.890712634822,0.,12.3142857142857,0.,2.00000000000002,            627P    934
-0.541099525957149,9.97465998686712D-15;                             627P    935
128,1,6,1,2,0,0,0,0,0,0.,0.,0.8,0.8,2.0593936016755,                 629P    936
2.0593936016755,2.0593936016755,3.46732417017687,                    629P    937
3.46732417017687,4.87525473867823,4.87525473867823,                  629P    938
6.28318530717959,6.28318530717959,6.28318530717959,1.,1.,            629P    939
0.762281674747328,0.762281674747328,1.,1.,0.762281674747328,         629P    940
0.762281674747328,1.,1.,0.762281674747328,0.762281674747328,1.,      629P    941
1.,198.890712634822,0.,7.68571428571427,198.890712634822,2.,         629P    942
7.68571428571427,196.925676736771,0.,6.50487467095627,               629P    943
196.925676736771,2.,6.50487467095627,195.441839478182,0.,            629P    944
8.25243733547813,195.441839478182,2.,8.25243733547813,               629P    945
193.958002219593,0.,10.,193.958002219593,2.,10.,                     629P    946
195.441839478182,0.,11.7475626645219,195.441839478182,2.,            629P    947
11.7475626645219,196.925676736771,0.,13.4951253290437,               629P    948
196.925676736771,2.,13.4951253290437,198.890712634822,0.,            629P    949
12.3142857142857,198.890712634822,2.,12.3142857142857,0.,0.8,        629P    950
2.0593936016755,6.28318530717959;                                    629P    951
128,1,2,1,2,0,0,0,0,0,0.,0.,2.00000000000002,2.00000000000002,       631P    952
-0.541099525957142,-0.541099525957142,-0.541099525957142,            631P    953
-3.23681033759132D-15,-3.23681033759132D-15,                         631P    954
-3.23681033759132D-15,1.,1.,0.963624111659433,0.963624111659433,     631P    955
1.,1.,198.890712634822,2.,7.68571428571426,198.890712634822,0.,      631P    956
7.68571428571426,199.080895559242,2.,7.79999999999997,               631P    957
199.080895559242,0.,7.79999999999997,199.302775637732,2.,            631P    958
7.79999999999997,199.302775637732,0.,7.79999999999997,0.,            631P    959
2.00000000000002,-0.541099525957142,-3.23681033759132D-15;           631P    960
128,1,1,1,1,0,0,1,0,0,-0.070722436226801,-0.070722436226801,         633P    961
0.001,0.001,-0.001,-0.001,0.201,0.201,1.,1.,1.,1.,200.01,2.01,       633P    962
7.8,199.292775637732,2.01,7.8,200.01,-0.01,7.8,199.292775637732,     633P    963
-0.01,7.8,-0.070722436226801,0.001,-0.001,0.201;                     633P    964
128,1,1,1,1,0,0,1,0,0,0.068722436226801,0.068722436226801,           635P    965
0.140444872453602,0.140444872453602,-0.001,-0.001,0.201,0.201,       635P    966
1.,1.,1.,1.,199.292775637732,2.01,12.2,200.01,2.01,12.2,             635P    967
199.292775637732,-0.01,12.2,200.01,-0.01,12.2,0.068722436226801,     635P    968
0.140444872453602,-0.001,0.201;                                      635P    969
128,1,1,1,1,0,0,1,0,0,-2.001,-2.001,1.001,1.001,-9.751,-9.751,       637P    970
0.828962757445096,0.828962757445096,1.,1.,1.,1.,200.01,0.,           637P    971
-0.00999999999999875,200.01,0.,30.01,94.210372425549,0.,             637P    972
-0.0100000000000167,94.210372425549,0.,30.01,-2.001,1.001,           637P    973
-9.751,0.828962757445096;                                            637P    974
128,1,1,1,1,0,0,1,0,0,1.219,1.219,3.001,3.001,-1.301,-1.301,         639P    975
0.201,0.201,1.,1.,1.,1.,200.,15.01,12.19,200.,15.01,30.01,200.,      639P    976
-0.01,12.19,200.,-0.0100000000000011,30.01,1.219,3.001,-1.301,       639P    977
0.201;                                                               639P    978
128,1,2,1,2,0,0,0,0,0,-6.25,-6.25,18.75,18.75,                       641P    979
-0.785398163397449,-0.785398163397449,-0.785398163397449,            641P    980
0.785398163397448,0.785398163397448,0.785398163397448,1.,1.,         641P    981
0.707106781186548,0.707106781186548,1.,1.,100.,15.,29.,200.,15.,     641P    982
29.,100.,15.,25.,200.,15.,25.,100.,11.,25.,200.,11.,25.,-6.25,       641P    983
18.75,-0.785398163397449,0.785398163397448;                          641P    984
128,1,1,1,1,0,0,1,0,0,-0.001,-0.001,0.781,0.781,-0.001,-0.001,       643P    985
0.201,0.201,1.,1.,1.,1.,200.,2.01,-0.01,200.,2.01,7.81,200.,         643P    986
-0.01,-0.01,200.,-0.01,7.81,-0.001,0.781,-0.001,0.201;               643P    987
128,1,1,1,1,0,0,1,0,0,0.149,0.149,0.251,0.251,-5.001,-5.001,         645P    988
5.001,5.001,1.,1.,1.,1.,99.99,15.,28.99,99.99,15.,30.01,200.01,      645P    989
15.,28.99,200.01,15.,30.01,0.149,0.251,-5.001,5.001;                 645P    990
128,1,1,1,1,0,0,1,0,0,-0.001,-0.001,10.001,10.001,-0.001,-0.001,     647P    991
0.901,0.901,1.,1.,1.,1.,200.01,1.99,25.,99.99,1.99,25.,200.01,       647P    992
11.01,25.,99.99,11.01,25.,-0.001,10.001,-0.001,0.901;                647P    993
128,1,1,1,1,0,0,1,0,0,-0.001,-0.001,1.801,1.801,-1.301,-1.301,       649P    994
0.201,0.201,1.,1.,1.,1.,100.,15.01,30.01,100.,15.01,11.99,100.,      649P    995
-0.01,30.01,100.,-0.0100000000000011,11.99,-0.001,1.801,-1.301,      649P    996
0.201;                                                               649P    997
128,1,1,1,1,0,0,1,0,0,7.719,7.719,10.001,10.001,-0.001,-0.001,       651P    998
0.201,0.201,1.,1.,1.,1.,177.19,2.01,0.,200.01,2.01,0.,177.19,        651P    999
-0.01,0.,200.01,-0.01,0.,7.719,10.001,-0.001,0.201;                  651P   1000
128,1,1,1,1,0,0,1,0,0,2.199,2.199,3.001,3.001,-0.001,-0.001,         653P   1001
0.201,0.201,1.,1.,1.,1.,100.,2.01,8.01,100.,2.01,                    653P   1002
-0.0099999999999989,100.,-0.01,8.01,100.,-0.01,                      653P   1003
-0.0099999999999989,2.199,3.001,-0.001,0.201;                        653P   1004
128,1,1,1,1,0,0,1,0,0,-0.001,-0.001,10.001,10.001,-1.301,-1.301,     655P   1005
0.201,0.201,1.,1.,1.,1.,200.01,15.01,30.,99.99,15.01,30.,200.01,     655P   1006
-0.01,30.,99.99,-0.0099999999999989,30.,-0.001,10.001,-1.301,        655P   1007
0.201;                                                               655P   1008
128,1,1,1,1,0,0,1,0,0,-0.070722436226801,-0.070722436226801,         657P   1009
0.001,0.001,-0.001,-0.001,0.201,0.201,1.,1.,1.,1.,                   657P   1010
99.292775637732,2.01,8.,100.01,2.01,8.,99.292775637732,-0.01,8.,     657P   1011
100.01,-0.01,8.,-0.070722436226801,0.001,-0.001,0.201;               657P   1012
128,1,2,1,2,0,0,0,0,0,0.,0.,2.00000000000002,2.00000000000002,       659P   1013
-0.541099525957166,-0.541099525957166,-0.541099525957166,            659P   1014
2.74780198594729D-14,2.74780198594729D-14,2.74780198594729D-14,      659P   1015
1.,1.,0.963624111659425,0.963624111659425,1.,1.,99.302775637732,     659P   1016
0.,12.,99.302775637732,2.,12.,99.0254255396194,0.,12.,               659P   1017
99.0254255396194,2.,12.,98.7876968840943,0.,12.1428571428571,        659P   1018
98.7876968840943,2.,12.1428571428571,0.,2.00000000000002,            659P   1019
-0.541099525957166,2.74780198594729D-14;                             659P   1020
128,1,6,1,2,0,0,0,0,0,0.,0.,0.8,0.8,2.05939360167551,                661P   1021
2.05939360167551,2.05939360167551,3.46732417017687,                  661P   1022
3.46732417017687,4.87525473867822,4.87525473867822,                  661P   1023
6.28318530717958,6.28318530717958,6.28318530717958,1.,1.,            661P   1024
0.762281674747329,0.762281674747329,1.,1.,0.762281674747329,         661P   1025
0.762281674747329,1.,1.,0.762281674747329,0.762281674747329,1.,      661P   1026
1.,98.7876968840943,2.,7.85714285714285,98.7876968840943,0.,         661P   1027
7.85714285714285,96.9682192007143,2.,6.76377284347804,               661P   1028
96.9682192007143,0.,6.76377284347804,95.5942958131317,2.,            661P   1029
8.38188642173901,95.5942958131317,0.,8.38188642173901,               661P   1030
94.2203724255491,2.,9.99999999999998,94.2203724255491,0.,            661P   1031
9.99999999999998,95.5942958131317,2.,11.618113578261,                661P   1032
95.5942958131317,0.,11.618113578261,96.9682192007143,2.,             661P   1033
13.2362271565219,96.9682192007143,0.,13.2362271565219,               661P   1034
98.7876968840943,2.,12.1428571428571,98.7876968840943,0.,            661P   1035
12.1428571428571,0.,0.8,2.05939360167551,6.28318530717958;           661P   1036
128,1,2,1,2,0,0,0,0,0,0.,0.,2.00000000000002,2.00000000000002,       663P   1037
-0.54109952595716,-0.54109952595716,-0.54109952595716,               663P   1038
-3.23681033759132D-15,-3.23681033759132D-15,                         663P   1039
-3.23681033759132D-15,1.,1.,0.96362411165943,0.96362411165943,       663P   1040
1.,1.,98.7876968840943,0.,7.85714285714282,98.7876968840943,2.,      663P   1041
7.85714285714282,99.0254255396194,0.,7.99999999999997,               663P   1042
99.0254255396194,2.,7.99999999999997,99.302775637732,0.,             663P   1043
7.99999999999997,99.302775637732,2.,7.99999999999997,0.,             663P   1044
2.00000000000002,-0.54109952595716,-3.23681033759132D-15;            663P   1045
128,1,1,1,1,0,0,1,0,0,0.068722436226801,0.068722436226801,           665P   1046
0.140444872453602,0.140444872453602,-0.001,-0.001,0.201,0.201,       665P   1047
1.,1.,1.,1.,100.01,2.01,12.,99.292775637732,2.01,12.,100.01,         665P   1048
-0.01,12.,99.292775637732,-0.01,12.,0.068722436226801,               665P   1049
0.140444872453602,-0.001,0.201;                                      665P   1050
502,41,207.8,2.,0.,207.8,0.,0.,207.8,2.,0.69722436226801,207.8,      667P   1051
0.,0.69722436226801,212.2,2.,0.69722436226801,212.314285714286,      667P   1052
2.,1.10928736517818,212.2,0.,0.69722436226801,212.314285714286,      667P   1053
0.,1.10928736517818,207.685714285714,2.,1.10928736517818,            667P   1054
207.685714285714,0.,1.10928736517818,212.2,0.,0.,212.2,2.,0.,        667P   1055
230.,0.,0.,230.,0.,30.,200.,0.,30.,200.,0.,12.,199.302775637732,     667P   1056
0.,12.,198.787696884094,0.,12.1428571428571,198.787696884094,0.,     667P   1057
7.85714285714284,199.302775637732,0.,8.,200.,0.,8.,200.,0.,0.,       667P   1058
225.,2.,0.,225.,11.,0.,229.,15.,0.,230.,15.,0.,200.,2.,0.,200.,      667P   1059
2.,8.,199.302775637732,2.,8.,198.787696884094,2.,                    667P   1060
12.1428571428571,199.302775637732,2.,12.,198.787696884094,2.,        667P   1061
7.85714285714284,200.,2.,12.,200.,2.,25.,225.,2.,25.,200.,15.,       667P   1062
30.,200.,15.,29.,200.,11.,25.,225.,11.,25.,229.,15.,29.,230.,        667P   1063
15.,30.;                                                             667P   1064
502,62,122.8,2.,0.,122.8,0.,0.,122.8,2.,0.697224362268011,122.8,     669P   1065
0.,0.697224362268011,127.2,2.,0.697224362268011,                     669P   1066
127.314285714286,2.,1.10928736517818,127.2,0.,0.697224362268011,     669P   1067
127.314285714286,0.,1.10928736517818,122.685714285714,2.,            669P   1068
1.10928736517818,122.685714285714,0.,1.10928736517818,127.2,0.,      669P   1069
0.,127.2,2.,0.,172.8,2.,0.,172.8,0.,0.,100.,0.,0.,100.,2.,0.,        669P   1070
172.8,2.,0.697224362268011,172.8,0.,0.697224362268011,177.2,2.,      669P   1071
0.69722436226801,177.314285714286,2.,1.10928736517818,177.2,0.,      669P   1072
0.69722436226801,177.314285714286,0.,1.10928736517818,               669P   1073
172.685714285714,2.,1.10928736517818,172.685714285714,0.,            669P   1074
1.10928736517818,177.2,0.,0.,177.2,2.,0.,100.,2.,8.,                 669P   1075
99.302775637732,2.,8.,98.7876968840943,2.,7.85714285714284,          669P   1076
98.7876968840943,2.,12.1428571428571,99.302775637732,2.,12.,         669P   1077
100.,2.,12.,100.,2.,25.,200.,2.,25.,200.,2.,12.2,                    669P   1078
199.302775637732,2.,12.2,198.890712634822,2.,12.3142857142857,       669P   1079
198.890712634822,2.,7.68571428571427,199.302775637732,2.,7.8,        669P   1080
200.,2.,7.8,200.,2.,0.,199.302775637732,0.,12.2,                     669P   1081
198.890712634822,0.,12.3142857142857,198.890712634822,0.,            669P   1082
7.68571428571427,199.302775637732,0.,7.8,200.,0.,7.8,200.,0.,        669P   1083
12.2,200.,0.,0.,200.,0.,30.,100.,0.,30.,100.,0.,12.,                 669P   1084
99.302775637732,0.,12.,98.7876968840943,0.,12.1428571428571,         669P   1085
98.7876968840943,0.,7.85714285714284,99.302775637732,0.,8.,100.,     669P   1086
0.,8.,200.,11.,25.,200.,15.,29.,200.,15.,30.,100.,11.,25.,100.,      669P   1087
15.,29.,100.,15.,30.;                                                669P   1088
504,62,245,667,1,667,2,247,667,3,667,1,249,667,3,667,4,251,667,      671P   1089
2,667,4,253,667,5,667,6,255,667,5,667,7,257,667,8,667,7,259,667,     671P   1090
6,667,8,261,667,6,667,9,263,667,10,667,8,265,667,9,667,10,267,       671P   1091
667,9,667,3,269,667,4,667,10,271,667,11,667,12,273,667,7,667,11,     671P   1092
275,667,12,667,5,277,667,11,667,13,279,667,13,667,14,281,667,14,     671P   1093
667,15,283,667,15,667,16,285,667,16,667,17,287,667,18,667,17,        671P   1094
289,667,19,667,18,291,667,20,667,19,293,667,20,667,21,295,667,       671P   1095
21,667,22,297,667,22,667,2,299,667,12,667,23,301,667,23,667,24,      671P   1096
303,667,25,667,24,305,667,26,667,25,307,667,13,667,26,309,667,       671P   1097
27,667,22,311,667,27,667,1,313,667,21,667,28,315,667,29,667,20,      671P   1098
317,667,29,667,28,319,667,30,667,31,321,667,30,667,18,323,667,       671P   1099
31,667,17,325,667,30,667,32,327,667,32,667,19,329,667,29,667,32,     671P   1100
331,667,33,667,16,333,667,31,667,33,335,667,28,667,27,337,667,       671P   1101
34,667,33,339,667,34,667,35,341,667,35,667,23,343,667,36,667,15,     671P   1102
345,667,37,667,36,347,667,38,667,37,349,667,34,667,38,351,667,       671P   1103
39,667,38,353,667,37,667,40,355,667,40,667,39,357,667,40,667,25,     671P   1104
359,667,24,667,39,361,667,36,667,41,363,667,41,667,26,365,667,       671P   1105
35,667,39,367,667,14,667,41;                                         671P   1106
504,93,369,669,1,669,2,371,669,3,669,1,373,669,3,669,4,375,669,      673P   1107
2,669,4,377,669,5,669,6,379,669,5,669,7,381,669,8,669,7,383,669,     673P   1108
6,669,8,385,669,6,669,9,387,669,10,669,8,389,669,9,669,10,391,       673P   1109
669,9,669,3,393,669,4,669,10,395,669,11,669,12,397,669,7,669,11,     673P   1110
399,669,12,669,5,401,669,12,669,13,403,669,13,669,14,405,669,11,     673P   1111
669,14,407,669,15,669,2,409,669,16,669,15,411,669,16,669,1,413,      673P   1112
669,17,669,13,415,669,17,669,18,417,669,14,669,18,419,669,19,        673P   1113
669,20,421,669,19,669,21,423,669,22,669,21,425,669,20,669,22,        673P   1114
427,669,20,669,23,429,669,24,669,22,431,669,23,669,24,433,669,       673P   1115
23,669,17,435,669,18,669,24,437,669,25,669,26,439,669,21,669,25,     673P   1116
441,669,26,669,19,443,669,27,669,16,445,669,28,669,27,447,669,       673P   1117
28,669,29,449,669,30,669,29,451,669,30,669,31,453,669,31,669,32,     673P   1118
455,669,33,669,32,457,669,33,669,34,459,669,35,669,34,461,669,       673P   1119
35,669,36,463,669,36,669,37,465,669,37,669,38,467,669,38,669,39,     673P   1120
469,669,39,669,40,471,669,41,669,40,473,669,26,669,41,475,669,       673P   1121
36,669,42,477,669,43,669,42,479,669,37,669,43,481,669,44,669,43,     673P   1122
483,669,38,669,44,485,669,45,669,44,487,669,39,669,45,489,669,       673P   1123
40,669,46,491,669,46,669,45,493,669,47,669,35,495,669,42,669,47,     673P   1124
497,669,25,669,48,499,669,48,669,46,501,669,47,669,49,503,669,       673P   1125
49,669,50,505,669,50,669,51,507,669,51,669,52,509,669,53,669,52,     673P   1126
511,669,54,669,53,513,669,55,669,54,515,669,55,669,56,517,669,       673P   1127
56,669,15,519,669,34,669,57,521,669,58,669,57,523,669,59,669,58,     673P   1128
525,669,49,669,59,527,669,60,669,61,529,669,61,669,58,531,669,       673P   1129
57,669,60,533,669,41,669,48,535,669,61,669,62,537,669,62,669,59,     673P   1130
539,669,33,669,60,541,669,51,669,32,543,669,62,669,50,545,669,       673P   1131
27,669,56,547,669,28,669,55,549,669,30,669,53,551,669,31,669,52,     673P   1132
553,669,29,669,54;                                                   673P   1133
406,1,9HRand-Ecke;                                                   675P   1134
406,1,28HKidslab Platte Randecke v5:1;                               677P   1135
406,1,13HBorder 2 Long;                                              679P   1136
406,1,33HKidslab Platte Invert Rand 2 v3:1;                          681P   1137
406,1,33HKidslab Platte Invert Rand 2 v3:2;                          683P   1138
314,96.4705882352941,96.4705882352941,95.2941176470588,25HKunsts     685P   1139
toff - matt (Weiß);                                                 685P   1140
314,62.7450980392157,62.7450980392157,62.7450980392157,17HStahl      687P   1141
- satiniert;                                                         687P   1142
S      1G      3D    688P   1142                                        T      1
