                                                                        S      1
,,29HKidslab Ecke Hinten Rechts v2,29HKidslab Ecke Hinten Rechts v2,7HunG      1
known,7Hunknown,32,38,7,99,15,,1.,2,2HMM,1,0.08,15H20260524.155512,0.01,G      2
10000.,7Hunknown,7Hunknown,11,0,15H20260508.154645;                     G      3
     124       1                                                00000000D      1
     124                       4       0                               0D      2
     408       5                                                00000001D      3
     408       0               1       0                               0D      4
     408       6                                                00000001D      5
     408       0               1       0                               0D      6
     408       7                                       1        00000001D      7
     408       0               1       0                               0D      8
     308       8                                                00010200D      9
     308       0               1       0                               0D     10
     308       9                                                00010200D     11
     308       0               1       0                               0D     12
     308      10                                                00010200D     13
     308       0               1       0                               0D     14
     186      11                                                00010000D     15
     186           -1079       1       0                               0D     16
     186      12                                                00010000D     17
     186           -1079       1       0                               0D     18
     186      13                                                00010000D     19
     186           -1079       1       0                               0D     20
     514      14                                                00010000D     21
     514                       2       1                               0D     22
     514      16                                                00010000D     23
     514                       4       1                               0D     24
     514      20                                                00010000D     25
     514                       4       1                               0D     26
     510      24                                                00010000D     27
     510           -1079       1       1                               0D     28
     510      25                                                00010000D     29
     510           -1079       1       1                               0D     30
     510      26                                                00010000D     31
     510           -1079       1       1                               0D     32
     510      27                                                00010000D     33
     510           -1079       1       1                               0D     34
     510      28                                                00010000D     35
     510           -1079       1       1                               0D     36
     510      29                                                00010000D     37
     510           -1079       1       1                               0D     38
     510      30                                                00010000D     39
     510           -1079       1       1                               0D     40
     510      31                                                00010000D     41
     510           -1079       1       1                               0D     42
     510      32                                                00010000D     43
     510           -1079       1       1                               0D     44
     510      33                                                00010000D     45
     510           -1079       1       1                               0D     46
     510      34                                                00010000D     47
     510           -1079       1       1                               0D     48
     510      35                                                00010000D     49
     510           -1079       1       1                               0D     50
     510      36                                                00010000D     51
     510           -1079       1       1                               0D     52
     510      37                                                00010000D     53
     510           -1079       1       1                               0D     54
     510      38                                                00010000D     55
     510           -1079       1       1                               0D     56
     510      39                                                00010000D     57
     510           -1079       1       1                               0D     58
     510      40                                                00010000D     59
     510           -1079       1       1                               0D     60
     510      41                                                00010000D     61
     510           -1079       1       1                               0D     62
     510      42                                                00010000D     63
     510           -1079       1       1                               0D     64
     510      43                                                00010000D     65
     510           -1079       1       1                               0D     66
     510      44                                                00010000D     67
     510           -1079       1       1                               0D     68
     510      45                                                00010000D     69
     510           -1079       1       1                               0D     70
     510      46                                                00010000D     71
     510           -1079       1       1                               0D     72
     510      47                                                00010000D     73
     510           -1079       1       1                               0D     74
     510      48                                                00010000D     75
     510           -1079       1       1                               0D     76
     510      49                                                00010000D     77
     510           -1079       1       1                               0D     78
     510      50                                                00010000D     79
     510           -1079       1       1                               0D     80
     510      51                                                00010000D     81
     510           -1079       1       1                               0D     82
     510      52                                                00010000D     83
     510           -1079       1       1                               0D     84
     510      53                                                00010000D     85
     510           -1079       1       1                               0D     86
     510      54                                                00010000D     87
     510           -1079       1       1                               0D     88
     510      55                                                00010000D     89
     510           -1079       1       1                               0D     90
     510      56                                                00010000D     91
     510           -1079       1       1                               0D     92
     510      57                                                00010000D     93
     510           -1079       1       1                               0D     94
     510      58                                                00010000D     95
     510           -1079       1       1                               0D     96
     510      59                                                00010000D     97
     510           -1079       1       1                               0D     98
     510      60                                                00010000D     99
     510           -1079       1       1                               0D    100
     510      61                                                00010000D    101
     510           -1079       1       1                               0D    102
     510      62                                                00010000D    103
     510           -1079       1       1                               0D    104
     510      63                                                00010000D    105
     510           -1079       1       1                               0D    106
     510      64                                                00010000D    107
     510           -1079       1       1                               0D    108
     510      65                                                00010000D    109
     510           -1079       1       1                               0D    110
     510      66                                                00010000D    111
     510           -1079       1       1                               0D    112
     510      67                                                00010000D    113
     510           -1079       1       1                               0D    114
     510      68                                                00010000D    115
     510           -1079       1       1                               0D    116
     510      69                                                00010000D    117
     510           -1079       1       1                               0D    118
     510      70                                                00010000D    119
     510           -1079       1       1                               0D    120
     510      71                                                00010000D    121
     510           -1079       1       1                               0D    122
     510      72                                                00010000D    123
     510           -1079       1       1                               0D    124
     510      73                                                00010000D    125
     510           -1079       1       1                               0D    126
     510      74                                                00010000D    127
     510           -1079       1       1                               0D    128
     510      75                                                00010000D    129
     510           -1079       1       1                               0D    130
     510      76                                                00010000D    131
     510           -1079       1       1                               0D    132
     510      77                                                00010000D    133
     510           -1079       1       1                               0D    134
     510      78                                                00010000D    135
     510           -1079       1       1                               0D    136
     510      79                                                00010000D    137
     510           -1079       1       1                               0D    138
     510      80                                                00010000D    139
     510           -1079       1       1                               0D    140
     510      81                                                00010000D    141
     510           -1079       1       1                               0D    142
     510      82                                                00010000D    143
     510           -1079       1       1                               0D    144
     510      83                                                00010000D    145
     510           -1079       1       1                               0D    146
     510      84                                                00010000D    147
     510           -1079       1       1                               0D    148
     510      85                                                00010000D    149
     510           -1079       1       1                               0D    150
     510      86                                                00010000D    151
     510           -1079       1       1                               0D    152
     510      87                                                00010000D    153
     510           -1079       1       1                               0D    154
     510      88                                                00010000D    155
     510           -1079       1       1                               0D    156
     510      89                                                00010000D    157
     510           -1079       1       1                               0D    158
     510      90                                                00010000D    159
     510           -1079       1       1                               0D    160
     510      91                                                00010000D    161
     510           -1079       1       1                               0D    162
     510      92                                                00010000D    163
     510           -1079       1       1                               0D    164
     510      93                                                00010000D    165
     510           -1079       1       1                               0D    166
     510      94                                                00010000D    167
     510           -1079       1       1                               0D    168
     510      95                                                00010000D    169
     510           -1079       1       1                               0D    170
     510      96                                                00010000D    171
     510           -1079       1       1                               0D    172
     510      97                                                00010000D    173
     510           -1079       1       1                               0D    174
     510      98                                                00010000D    175
     510           -1079       1       1                               0D    176
     510      99                                                00010000D    177
     510           -1079       1       1                               0D    178
     510     100                                                00010000D    179
     510           -1079       1       1                               0D    180
     510     101                                                00010000D    181
     510           -1079       1       1                               0D    182
     510     102                                                00010000D    183
     510           -1079       1       1                               0D    184
     510     103                                                00010000D    185
     510           -1079       1       1                               0D    186
     510     104                                                00010000D    187
     510           -1079       1       1                               0D    188
     510     105                                                00010000D    189
     510           -1079       1       1                               0D    190
     510     106                                                00010000D    191
     510           -1079       1       1                               0D    192
     510     107                                                00010000D    193
     510           -1079       1       1                               0D    194
     510     108                                                00010000D    195
     510           -1079       1       1                               0D    196
     510     109                                                00010000D    197
     510           -1079       1       1                               0D    198
     510     110                                                00010000D    199
     510           -1079       1       1                               0D    200
     510     111                                                00010000D    201
     510           -1079       1       1                               0D    202
     510     112                                                00010000D    203
     510           -1079       1       1                               0D    204
     508     113                                                00010000D    205
     508                       1       1                               0D    206
     508     114                                                00010000D    207
     508                       1       1                               0D    208
     508     115                                                00010000D    209
     508                       1       1                               0D    210
     508     116                                                00010000D    211
     508                       1       1                               0D    212
     508     117                                                00010000D    213
     508                       1       1                               0D    214
     508     118                                                00010000D    215
     508                       4       1                               0D    216
     508     122                                                00010000D    217
     508                       2       1                               0D    218
     508     124                                                00010000D    219
     508                       1       1                               0D    220
     508     125                                                00010000D    221
     508                       1       1                               0D    222
     508     126                                                00010000D    223
     508                       1       1                               0D    224
     508     127                                                00010000D    225
     508                       1       1                               0D    226
     508     128                                                00010000D    227
     508                       1       1                               0D    228
     508     129                                                00010000D    229
     508                       1       1                               0D    230
     508     130                                                00010000D    231
     508                       4       1                               0D    232
     508     134                                                00010000D    233
     508                       2       1                               0D    234
     508     136                                                00010000D    235
     508                       1       1                               0D    236
     508     137                                                00010000D    237
     508                       1       1                               0D    238
     508     138                                                00010000D    239
     508                       2       1                               0D    240
     508     140                                                00010000D    241
     508                       1       1                               0D    242
     508     141                                                00010000D    243
     508                       1       1                               0D    244
     508     142                                                00010000D    245
     508                       1       1                               0D    246
     508     143                                                00010000D    247
     508                       1       1                               0D    248
     508     144                                                00010000D    249
     508                       1       1                               0D    250
     508     145                                                00010000D    251
     508                       1       1                               0D    252
     508     146                                                00010000D    253
     508                       1       1                               0D    254
     508     147                                                00010000D    255
     508                       1       1                               0D    256
     508     148                                                00010000D    257
     508                       1       1                               0D    258
     508     149                                                00010000D    259
     508                       1       1                               0D    260
     508     150                                                00010000D    261
     508                       1       1                               0D    262
     508     151                                                00010000D    263
     508                       1       1                               0D    264
     508     152                                                00010000D    265
     508                       1       1                               0D    266
     508     153                                                00010000D    267
     508                       1       1                               0D    268
     508     154                                                00010000D    269
     508                       1       1                               0D    270
     508     155                                                00010000D    271
     508                       1       1                               0D    272
     508     156                                                00010000D    273
     508                       1       1                               0D    274
     508     157                                                00010000D    275
     508                       7       1                               0D    276
     508     164                                                00010000D    277
     508                       1       1                               0D    278
     508     165                                                00010000D    279
     508                       1       1                               0D    280
     508     166                                                00010000D    281
     508                       1       1                               0D    282
     508     167                                                00010000D    283
     508                       1       1                               0D    284
     508     168                                                00010000D    285
     508                       1       1                               0D    286
     508     169                                                00010000D    287
     508                       7       1                               0D    288
     508     176                                                00010000D    289
     508                       2       1                               0D    290
     508     178                                                00010000D    291
     508                       1       1                               0D    292
     508     179                                                00010000D    293
     508                       1       1                               0D    294
     508     180                                                00010000D    295
     508                       1       1                               0D    296
     508     181                                                00010000D    297
     508                       1       1                               0D    298
     508     182                                                00010000D    299
     508                       2       1                               0D    300
     508     184                                                00010000D    301
     508                       1       1                               0D    302
     508     185                                                00010000D    303
     508                       1       1                               0D    304
     508     186                                                00010000D    305
     508                       1       1                               0D    306
     508     187                                                00010000D    307
     508                       1       1                               0D    308
     508     188                                                00010000D    309
     508                       1       1                               0D    310
     508     189                                                00010000D    311
     508                       1       1                               0D    312
     508     190                                                00010000D    313
     508                       1       1                               0D    314
     508     191                                                00010000D    315
     508                       1       1                               0D    316
     508     192                                                00010000D    317
     508                       1       1                               0D    318
     508     193                                                00010000D    319
     508                       1       1                               0D    320
     508     194                                                00010000D    321
     508                       1       1                               0D    322
     508     195                                                00010000D    323
     508                       1       1                               0D    324
     508     196                                                00010000D    325
     508                       1       1                               0D    326
     508     197                                                00010000D    327
     508                       7       1                               0D    328
     508     204                                                00010000D    329
     508                       2       1                               0D    330
     508     206                                                00010000D    331
     508                       1       1                               0D    332
     508     207                                                00010000D    333
     508                       1       1                               0D    334
     508     208                                                00010000D    335
     508                       1       1                               0D    336
     508     209                                                00010000D    337
     508                       1       1                               0D    338
     508     210                                                00010000D    339
     508                       2       1                               0D    340
     508     212                                                00010000D    341
     508                       1       1                               0D    342
     508     213                                                00010000D    343
     508                       1       1                               0D    344
     508     214                                                00010000D    345
     508                       1       1                               0D    346
     508     215                                                00010000D    347
     508                       1       1                               0D    348
     508     216                                                00010000D    349
     508                       1       1                               0D    350
     508     217                                                00010000D    351
     508                       1       1                               0D    352
     508     218                                                00010000D    353
     508                       1       1                               0D    354
     508     219                                                00010000D    355
     508                       1       1                               0D    356
     508     220                                                00010000D    357
     508                       1       1                               0D    358
     508     221                                                00010000D    359
     508                       1       1                               0D    360
     508     222                                                00010000D    361
     508                       1       1                               0D    362
     508     223                                                00010000D    363
     508                       1       1                               0D    364
     508     224                                                00010000D    365
     508                       1       1                               0D    366
     508     225                                                00010000D    367
     508                       1       1                               0D    368
     508     226                                                00010000D    369
     508                       1       1                               0D    370
     508     227                                                00010000D    371
     508                       7       1                               0D    372
     508     234                                                00010000D    373
     508                       1       1                               0D    374
     508     235                                                00010000D    375
     508                       1       1                               0D    376
     508     236                                                00010000D    377
     508                       1       1                               0D    378
     508     237                                                00010000D    379
     508                       1       1                               0D    380
     508     238                                                00010000D    381
     508                       1       1                               0D    382
     126     239                                                00010000D    383
     126       0               2       0                               0D    384
     126     241                                                00010000D    385
     126       0               3       0                               0D    386
     126     244                                                00010000D    387
     126       0               2       0                               0D    388
     126     246                                                00010000D    389
     126       0               3       0                               0D    390
     126     249                                                00010000D    391
     126       0               6       0                               0D    392
     126     255                                                00010000D    393
     126       0               2       0                               0D    394
     126     257                                                00010000D    395
     126       0               6       0                               0D    396
     126     263                                                00010000D    397
     126       0               3       0                               0D    398
     126     266                                                00010000D    399
     126       0              10       0                               0D    400
     126     276                                                00010000D    401
     126       0              10       0                               0D    402
     126     286                                                00010000D    403
     126       0               3       0                               0D    404
     126     289                                                00010000D    405
     126       0               6       0                               0D    406
     126     295                                                00010000D    407
     126       0               5       0                               0D    408
     126     300                                                00010000D    409
     126       0               2       0                               0D    410
     126     302                                                00010000D    411
     126       0               3       0                               0D    412
     126     305                                                00010000D    413
     126       0               4       0                               0D    414
     126     309                                                00010000D    415
     126       0               2       0                               0D    416
     126     311                                                00010000D    417
     126       0               2       0                               0D    418
     126     313                                                00010000D    419
     126       0               2       0                               0D    420
     126     315                                                00010000D    421
     126       0               2       0                               0D    422
     126     317                                                00010000D    423
     126       0               3       0                               0D    424
     126     320                                                00010000D    425
     126       0               4       0                               0D    426
     126     324                                                00010000D    427
     126       0              10       0                               0D    428
     126     334                                                00010000D    429
     126       0               5       0                               0D    430
     126     339                                                00010000D    431
     126       0               3       0                               0D    432
     126     342                                                00010000D    433
     126       0               2       0                               0D    434
     126     344                                                00010000D    435
     126       0               2       0                               0D    436
     126     346                                                00010000D    437
     126       0               2       0                               0D    438
     126     348                                                00010000D    439
     126       0               2       0                               0D    440
     126     350                                                00010000D    441
     126       0               4       0                               0D    442
     126     354                                                00010000D    443
     126       0               2       0                               0D    444
     126     356                                                00010000D    445
     126       0               2       0                               0D    446
     126     358                                                00010000D    447
     126       0               2       0                               0D    448
     126     360                                                00010000D    449
     126       0               2       0                               0D    450
     126     362                                                00010000D    451
     126       0               2       0                               0D    452
     126     364                                                00010000D    453
     126       0               2       0                               0D    454
     126     366                                                00010000D    455
     126       0               3       0                               0D    456
     126     369                                                00010000D    457
     126       0               4       0                               0D    458
     126     373                                                00010000D    459
     126       0               3       0                               0D    460
     126     376                                                00010000D    461
     126       0               2       0                               0D    462
     126     378                                                00010000D    463
     126       0               9       0                               0D    464
     126     387                                                00010000D    465
     126       0               3       0                               0D    466
     126     390                                                00010000D    467
     126       0               5       0                               0D    468
     126     395                                                00010000D    469
     126       0               2       0                               0D    470
     126     397                                                00010000D    471
     126       0               3       0                               0D    472
     126     400                                                00010000D    473
     126       0               2       0                               0D    474
     126     402                                                00010000D    475
     126       0               2       0                               0D    476
     126     404                                                00010000D    477
     126       0               2       0                               0D    478
     126     406                                                00010000D    479
     126       0               2       0                               0D    480
     126     408                                                00010000D    481
     126       0               2       0                               0D    482
     126     410                                                00010000D    483
     126       0               2       0                               0D    484
     126     412                                                00010000D    485
     126       0               4       0                               0D    486
     126     416                                                00010000D    487
     126       0               2       0                               0D    488
     126     418                                                00010000D    489
     126       0               2       0                               0D    490
     126     420                                                00010000D    491
     126       0               2       0                               0D    492
     126     422                                                00010000D    493
     126       0               4       0                               0D    494
     126     426                                                00010000D    495
     126       0               2       0                               0D    496
     126     428                                                00010000D    497
     126       0               2       0                               0D    498
     126     430                                                00010000D    499
     126       0               2       0                               0D    500
     126     432                                                00010000D    501
     126       0               2       0                               0D    502
     126     434                                                00010000D    503
     126       0               2       0                               0D    504
     126     436                                                00010000D    505
     126       0               2       0                               0D    506
     126     438                                                00010000D    507
     126       0               2       0                               0D    508
     126     440                                                00010000D    509
     126       0               3       0                               0D    510
     126     443                                                00010000D    511
     126       0               2       0                               0D    512
     126     445                                                00010000D    513
     126       0               3       0                               0D    514
     126     448                                                00010000D    515
     126       0               6       0                               0D    516
     126     454                                                00010000D    517
     126       0               2       0                               0D    518
     126     456                                                00010000D    519
     126       0               6       0                               0D    520
     126     462                                                00010000D    521
     126       0               3       0                               0D    522
     126     465                                                00010000D    523
     126       0              10       0                               0D    524
     126     475                                                00010000D    525
     126       0              11       0                               0D    526
     126     486                                                00010000D    527
     126       0               3       0                               0D    528
     126     489                                                00010000D    529
     126       0               6       0                               0D    530
     126     495                                                00010000D    531
     126       0               6       0                               0D    532
     126     501                                                00010000D    533
     126       0               2       0                               0D    534
     126     503                                                00010000D    535
     126       0               4       0                               0D    536
     126     507                                                00010000D    537
     126       0               4       0                               0D    538
     126     511                                                00010000D    539
     126       0               2       0                               0D    540
     126     513                                                00010000D    541
     126       0               2       0                               0D    542
     126     515                                                00010000D    543
     126       0               2       0                               0D    544
     126     517                                                00010000D    545
     126       0               2       0                               0D    546
     126     519                                                00010000D    547
     126       0               2       0                               0D    548
     126     521                                                00010000D    549
     126       0               2       0                               0D    550
     126     523                                                00010000D    551
     126       0               3       0                               0D    552
     126     526                                                00010000D    553
     126       0               2       0                               0D    554
     126     528                                                00010000D    555
     126       0               3       0                               0D    556
     126     531                                                00010000D    557
     126       0               6       0                               0D    558
     126     537                                                00010000D    559
     126       0               2       0                               0D    560
     126     539                                                00010000D    561
     126       0               6       0                               0D    562
     126     545                                                00010000D    563
     126       0               3       0                               0D    564
     126     548                                                00010000D    565
     126       0              10       0                               0D    566
     126     558                                                00010000D    567
     126       0              11       0                               0D    568
     126     569                                                00010000D    569
     126       0               3       0                               0D    570
     126     572                                                00010000D    571
     126       0               6       0                               0D    572
     126     578                                                00010000D    573
     126       0               6       0                               0D    574
     126     584                                                00010000D    575
     126       0               2       0                               0D    576
     126     586                                                00010000D    577
     126       0               4       0                               0D    578
     126     590                                                00010000D    579
     126       0               4       0                               0D    580
     126     594                                                00010000D    581
     126       0               2       0                               0D    582
     126     596                                                00010000D    583
     126       0               3       0                               0D    584
     126     599                                                00010000D    585
     126       0               5       0                               0D    586
     126     604                                                00010000D    587
     126       0               9       0                               0D    588
     126     613                                                00010000D    589
     126       0               4       0                               0D    590
     126     617                                                00010000D    591
     126       0               3       0                               0D    592
     126     620                                                00010000D    593
     126       0               2       0                               0D    594
     126     622                                                00010000D    595
     126       0               2       0                               0D    596
     126     624                                                00010000D    597
     126       0               2       0                               0D    598
     126     626                                                00010000D    599
     126       0               4       0                               0D    600
     126     630                                                00010000D    601
     126       0               6       0                               0D    602
     126     636                                                00010000D    603
     126       0              11       0                               0D    604
     126     647                                                00010000D    605
     126       0               6       0                               0D    606
     126     653                                                00010000D    607
     126       0               3       0                               0D    608
     126     656                                                00010000D    609
     126       0               2       0                               0D    610
     126     658                                                00010000D    611
     126       0               2       0                               0D    612
     126     660                                                00010000D    613
     126       0               2       0                               0D    614
     126     662                                                00010000D    615
     126       0               5       0                               0D    616
     126     667                                                00010000D    617
     126       0               3       0                               0D    618
     126     670                                                00010000D    619
     126       0              11       0                               0D    620
     126     681                                                00010000D    621
     126       0               3       0                               0D    622
     126     684                                                00010000D    623
     126       0               6       0                               0D    624
     126     690                                                00010000D    625
     126       0               2       0                               0D    626
     126     692                                                00010000D    627
     126       0               2       0                               0D    628
     126     694                                                00010000D    629
     126       0               3       0                               0D    630
     126     697                                                00010000D    631
     126       0               2       0                               0D    632
     126     699                                                00010000D    633
     126       0               3       0                               0D    634
     126     702                                                00010000D    635
     126       0               2       0                               0D    636
     126     704                                                00010000D    637
     126       0               2       0                               0D    638
     126     706                                                00010000D    639
     126       0               2       0                               0D    640
     126     708                                                00010000D    641
     126       0               2       0                               0D    642
     126     710                                                00010000D    643
     126       0               2       0                               0D    644
     126     712                                                00010000D    645
     126       0               4       0                               0D    646
     126     716                                                00010000D    647
     126       0               4       0                               0D    648
     126     720                                                00010000D    649
     126       0              10       0                               0D    650
     126     730                                                00010000D    651
     126       0               5       0                               0D    652
     126     735                                                00010000D    653
     126       0               3       0                               0D    654
     126     738                                                00010000D    655
     126       0               2       0                               0D    656
     126     740                                                00010000D    657
     126       0               2       0                               0D    658
     126     742                                                00010000D    659
     126       0               4       0                               0D    660
     126     746                                                00010000D    661
     126       0               2       0                               0D    662
     126     748                                                00010000D    663
     126       0               2       0                               0D    664
     126     750                                                00010000D    665
     126       0               4       0                               0D    666
     126     754                                                00010000D    667
     126       0               2       0                               0D    668
     126     756                                                00010000D    669
     126       0               2       0                               0D    670
     126     758                                                00010000D    671
     126       0               2       0                               0D    672
     126     760                                                00010000D    673
     126       0               2       0                               0D    674
     126     762                                                00010000D    675
     126       0               2       0                               0D    676
     126     764                                                00010000D    677
     126       0               2       0                               0D    678
     126     766                                                00010000D    679
     126       0               2       0                               0D    680
     126     768                                                00010000D    681
     126       0               2       0                               0D    682
     126     770                                                00010000D    683
     126       0               2       0                               0D    684
     126     772                                                00010000D    685
     126       0               2       0                               0D    686
     126     774                                                00010000D    687
     126       0               3       0                               0D    688
     126     777                                                00010000D    689
     126       0               2       0                               0D    690
     126     779                                                00010000D    691
     126       0               3       0                               0D    692
     126     782                                                00010000D    693
     126       0               6       0                               0D    694
     126     788                                                00010000D    695
     126       0               2       0                               0D    696
     126     790                                                00010000D    697
     126       0               5       0                               0D    698
     126     795                                                00010000D    699
     126       0               3       0                               0D    700
     126     798                                                00010000D    701
     126       0              11       0                               0D    702
     126     809                                                00010000D    703
     126       0              11       0                               0D    704
     126     820                                                00010000D    705
     126       0               3       0                               0D    706
     126     823                                                00010000D    707
     126       0               6       0                               0D    708
     126     829                                                00010000D    709
     126       0               6       0                               0D    710
     126     835                                                00010000D    711
     126       0               2       0                               0D    712
     126     837                                                00010000D    713
     126       0               2       0                               0D    714
     126     839                                                00010000D    715
     126       0               3       0                               0D    716
     126     842                                                00010000D    717
     126       0               3       0                               0D    718
     126     845                                                00010000D    719
     126       0               2       0                               0D    720
     126     847                                                00010000D    721
     126       0               3       0                               0D    722
     126     850                                                00010000D    723
     126       0               4       0                               0D    724
     126     854                                                00010000D    725
     126       0               2       0                               0D    726
     126     856                                                00010000D    727
     126       0               2       0                               0D    728
     126     858                                                00010000D    729
     126       0               2       0                               0D    730
     126     860                                                00010000D    731
     126       0               4       0                               0D    732
     126     864                                                00010000D    733
     126       0               4       0                               0D    734
     126     868                                                00010000D    735
     126       0              10       0                               0D    736
     126     878                                                00010000D    737
     126       0               5       0                               0D    738
     126     883                                                00010000D    739
     126       0               3       0                               0D    740
     126     886                                                00010000D    741
     126       0               2       0                               0D    742
     126     888                                                00010000D    743
     126       0               2       0                               0D    744
     126     890                                                00010000D    745
     126       0               3       0                               0D    746
     126     893                                                00010000D    747
     126       0               4       0                               0D    748
     126     897                                                00010000D    749
     126       0              10       0                               0D    750
     126     907                                                00010000D    751
     126       0               4       0                               0D    752
     126     911                                                00010000D    753
     126       0               3       0                               0D    754
     126     914                                                00010000D    755
     126       0               2       0                               0D    756
     126     916                                                00010000D    757
     126       0               3       0                               0D    758
     126     919                                                00010000D    759
     126       0               4       0                               0D    760
     126     923                                                00010000D    761
     126       0              10       0                               0D    762
     126     933                                                00010000D    763
     126       0               4       0                               0D    764
     126     937                                                00010000D    765
     126       0               3       0                               0D    766
     126     940                                                00010000D    767
     126       0               2       0                               0D    768
     126     942                                                00010000D    769
     126       0               2       0                               0D    770
     126     944                                                00010000D    771
     126       0               2       0                               0D    772
     126     946                                                00010000D    773
     126       0               2       0                               0D    774
     126     948                                                00010000D    775
     126       0               4       0                               0D    776
     126     952                                                00010000D    777
     126       0               2       0                               0D    778
     126     954                                                00010000D    779
     126       0               2       0                               0D    780
     126     956                                                00010000D    781
     126       0               4       0                               0D    782
     126     960                                                00010000D    783
     126       0               2       0                               0D    784
     126     962                                                00010000D    785
     126       0               2       0                               0D    786
     126     964                                                00010000D    787
     126       0               2       0                               0D    788
     126     966                                                00010000D    789
     126       0               2       0                               0D    790
     126     968                                                00010000D    791
     126       0               2       0                               0D    792
     126     970                                                00010000D    793
     126       0               2       0                               0D    794
     126     972                                                00010000D    795
     126       0               2       0                               0D    796
     126     974                                                00010000D    797
     126       0               2       0                               0D    798
     126     976                                                00010000D    799
     126       0               2       0                               0D    800
     126     978                                                00010000D    801
     126       0               2       0                               0D    802
     126     980                                                00010000D    803
     126       0               2       0                               0D    804
     126     982                                                00010000D    805
     126       0               2       0                               0D    806
     126     984                                                00010000D    807
     126       0               2       0                               0D    808
     126     986                                                00010000D    809
     126       0               2       0                               0D    810
     126     988                                                00010000D    811
     126       0               2       0                               0D    812
     126     990                                                00010000D    813
     126       0               2       0                               0D    814
     126     992                                                00010000D    815
     126       0               2       0                               0D    816
     126     994                                                00010000D    817
     126       0               2       0                               0D    818
     126     996                                                00010000D    819
     126       0               2       0                               0D    820
     126     998                                                00010000D    821
     126       0               2       0                               0D    822
     126    1000                                                00010000D    823
     126       0               2       0                               0D    824
     126    1002                                                00010000D    825
     126       0               2       0                               0D    826
     126    1004                                                00010000D    827
     126       0               3       0                               0D    828
     126    1007                                                00010000D    829
     126       0               4       0                               0D    830
     126    1011                                                00010000D    831
     126       0               3       0                               0D    832
     126    1014                                                00010000D    833
     126       0               2       0                               0D    834
     126    1016                                                00010000D    835
     126       0               9       0                               0D    836
     126    1025                                                00010000D    837
     126       0               3       0                               0D    838
     126    1028                                                00010000D    839
     126       0               5       0                               0D    840
     126    1033                                                00010000D    841
     126       0               3       0                               0D    842
     126    1036                                                00010000D    843
     126       0               4       0                               0D    844
     126    1040                                                00010000D    845
     126       0               2       0                               0D    846
     126    1042                                                00010000D    847
     126       0               3       0                               0D    848
     126    1045                                                00010000D    849
     126       0               9       0                               0D    850
     126    1054                                                00010000D    851
     126       0               3       0                               0D    852
     126    1057                                                00010000D    853
     126       0               4       0                               0D    854
     126    1061                                                00010000D    855
     126       0               2       0                               0D    856
     126    1063                                                00010000D    857
     126       0               3       0                               0D    858
     126    1066                                                00010000D    859
     126       0               3       0                               0D    860
     126    1069                                                00010000D    861
     126       0               3       0                               0D    862
     126    1072                                                00010000D    863
     126       0               4       0                               0D    864
     126    1076                                                00010000D    865
     126       0               9       0                               0D    866
     126    1085                                                00010000D    867
     126       0               4       0                               0D    868
     126    1089                                                00010000D    869
     126       0               3       0                               0D    870
     126    1092                                                00010000D    871
     126       0               2       0                               0D    872
     126    1094                                                00010000D    873
     126       0               3       0                               0D    874
     126    1097                                                00010000D    875
     126       0               3       0                               0D    876
     126    1100                                                00010000D    877
     126       0               2       0                               0D    878
     128    1102                                                00010000D    879
     128       0   -1079       4       0                               0D    880
     128    1106                                                00010000D    881
     128       0   -1079       8       0                               0D    882
     128    1114                                                00010000D    883
     128       0   -1079      16       0                               0D    884
     128    1130                                                00010000D    885
     128       0   -1079       9       0                               0D    886
     128    1139                                                00010000D    887
     128       0   -1079       5       0                               0D    888
     128    1144                                                00010000D    889
     128       0   -1079       5       0                               0D    890
     128    1149                                                00010000D    891
     128       0   -1079       3       0                               0D    892
     128    1152                                                00010000D    893
     128       0   -1079       4       0                               0D    894
     128    1156                                                00010000D    895
     128       0   -1079       4       0                               0D    896
     128    1160                                                00010000D    897
     128       0   -1079       9       0                               0D    898
     128    1169                                                00010000D    899
     128       0   -1079      16       0                               0D    900
     128    1185                                                00010000D    901
     128       0   -1079       9       0                               0D    902
     128    1194                                                00010000D    903
     128       0   -1079       5       0                               0D    904
     128    1199                                                00010000D    905
     128       0   -1079       5       0                               0D    906
     128    1204                                                00010000D    907
     128       0   -1079       4       0                               0D    908
     128    1208                                                00010000D    909
     128       0   -1079       6       0                               0D    910
     128    1214                                                00010000D    911
     128       0   -1079       6       0                               0D    912
     128    1220                                                00010000D    913
     128       0   -1079       4       0                               0D    914
     128    1224                                                00010000D    915
     128       0   -1079       3       0                               0D    916
     128    1227                                                00010000D    917
     128       0   -1079       3       0                               0D    918
     128    1230                                                00010000D    919
     128       0   -1079       4       0                               0D    920
     128    1234                                                00010000D    921
     128       0   -1079       4       0                               0D    922
     128    1238                                                00010000D    923
     128       0   -1079       4       0                               0D    924
     128    1242                                                00010000D    925
     128       0   -1079       4       0                               0D    926
     128    1246                                                00010000D    927
     128       0   -1079       8       0                               0D    928
     128    1254                                                00010000D    929
     128       0   -1079      16       0                               0D    930
     128    1270                                                00010000D    931
     128       0   -1079       9       0                               0D    932
     128    1279                                                00010000D    933
     128       0   -1079       5       0                               0D    934
     128    1284                                                00010000D    935
     128       0   -1079       3       0                               0D    936
     128    1287                                                00010000D    937
     128       0   -1079       3       0                               0D    938
     128    1290                                                00010000D    939
     128       0   -1079       4       0                               0D    940
     128    1294                                                00010000D    941
     128       0   -1079       8       0                               0D    942
     128    1302                                                00010000D    943
     128       0   -1079      16       0                               0D    944
     128    1318                                                00010000D    945
     128       0   -1079       9       0                               0D    946
     128    1327                                                00010000D    947
     128       0   -1079       5       0                               0D    948
     128    1332                                                00010000D    949
     128       0   -1079       5       0                               0D    950
     128    1337                                                00010000D    951
     128       0   -1079       8       0                               0D    952
     128    1345                                                00010000D    953
     128       0   -1079      16       0                               0D    954
     128    1361                                                00010000D    955
     128       0   -1079       9       0                               0D    956
     128    1370                                                00010000D    957
     128       0   -1079       4       0                               0D    958
     128    1374                                                00010000D    959
     128       0   -1079       5       0                               0D    960
     128    1379                                                00010000D    961
     128       0   -1079       5       0                               0D    962
     128    1384                                                00010000D    963
     128       0   -1079       4       0                               0D    964
     128    1388                                                00010000D    965
     128       0   -1079       6       0                               0D    966
     128    1394                                                00010000D    967
     128       0   -1079       3       0                               0D    968
     128    1397                                                00010000D    969
     128       0   -1079       3       0                               0D    970
     128    1400                                                00010000D    971
     128       0   -1079       3       0                               0D    972
     128    1403                                                00010000D    973
     128       0   -1079       4       0                               0D    974
     128    1407                                                00010000D    975
     128       0   -1079       3       0                               0D    976
     128    1410                                                00010000D    977
     128       0   -1079       4       0                               0D    978
     128    1414                                                00010000D    979
     128       0   -1079       4       0                               0D    980
     128    1418                                                00010000D    981
     128       0   -1079       4       0                               0D    982
     128    1422                                                00010000D    983
     128       0   -1079       8       0                               0D    984
     128    1430                                                00010000D    985
     128       0   -1079      16       0                               0D    986
     128    1446                                                00010000D    987
     128       0   -1079       9       0                               0D    988
     128    1455                                                00010000D    989
     128       0   -1079       5       0                               0D    990
     128    1460                                                00010000D    991
     128       0   -1079       8       0                               0D    992
     128    1468                                                00010000D    993
     128       0   -1079      16       0                               0D    994
     128    1484                                                00010000D    995
     128       0   -1079       9       0                               0D    996
     128    1493                                                00010000D    997
     128       0   -1079       4       0                               0D    998
     128    1497                                                00010000D    999
     128       0   -1079       5       0                               0D   1000
     128    1502                                                00010000D   1001
     128       0   -1079       5       0                               0D   1002
     128    1507                                                00010000D   1003
     128       0   -1079       4       0                               0D   1004
     128    1511                                                00010000D   1005
     128       0   -1079       6       0                               0D   1006
     128    1517                                                00010000D   1007
     128       0   -1079       3       0                               0D   1008
     128    1520                                                00010000D   1009
     128       0   -1079       3       0                               0D   1010
     128    1523                                                00010000D   1011
     128       0   -1079       3       0                               0D   1012
     128    1526                                                00010000D   1013
     128       0   -1079       4       0                               0D   1014
     128    1530                                                00010000D   1015
     128       0   -1079       3       0                               0D   1016
     128    1533                                                00010000D   1017
     128       0   -1079       3       0                               0D   1018
     128    1536                                                00010000D   1019
     128       0   -1079       3       0                               0D   1020
     128    1539                                                00010000D   1021
     128       0   -1079       4       0                               0D   1022
     128    1543                                                00010000D   1023
     128       0   -1079       4       0                               0D   1024
     128    1547                                                00010000D   1025
     128       0   -1079       4       0                               0D   1026
     128    1551                                                00010000D   1027
     128       0   -1079       8       0                               0D   1028
     128    1559                                                00010000D   1029
     128       0   -1079      16       0                               0D   1030
     128    1575                                                00010000D   1031
     128       0   -1079       9       0                               0D   1032
     128    1584                                                00010000D   1033
     128       0   -1079       5       0                               0D   1034
     128    1589                                                00010000D   1035
     128       0   -1079       8       0                               0D   1036
     128    1597                                                00010000D   1037
     128       0   -1079      16       0                               0D   1038
     128    1613                                                00010000D   1039
     128       0   -1079       9       0                               0D   1040
     128    1622                                                00010000D   1041
     128       0   -1079       4       0                               0D   1042
     128    1626                                                00010000D   1043
     128       0   -1079       5       0                               0D   1044
     128    1631                                                00010000D   1045
     128       0   -1079       6       0                               0D   1046
     128    1637                                                00010000D   1047
     128       0   -1079       8       0                               0D   1048
     128    1645                                                00010000D   1049
     128       0   -1079      16       0                               0D   1050
     128    1661                                                00010000D   1051
     128       0   -1079       9       0                               0D   1052
     128    1670                                                00010000D   1053
     128       0   -1079       4       0                               0D   1054
     128    1674                                                00010000D   1055
     128       0   -1079       5       0                               0D   1056
     502    1679                                                00010000D   1057
     502                      14       1                               0D   1058
     502    1693                                                00010000D   1059
     502                      24       1                               0D   1060
     502    1717                                                00010000D   1061
     502                      24       1                               0D   1062
     504    1741                                                00010001D   1063
     504                      20       1                               0D   1064
     504    1761                                                00010001D   1065
     504                      31       1                               0D   1066
     504    1792                                                00010001D   1067
     504                      31       1                               0D   1068
     406    1823                                                00000000D   1069
     406                       1      15                               0D   1070
     406    1824                                                00000000D   1071
     406                       1      15                               0D   1072
     406    1825                                                00000000D   1073
     406                       1      15                               0D   1074
     406    1826                                                00000000D   1075
     406                       1      15                               0D   1076
     406    1827                                                00000000D   1077
     406                       1      15                               0D   1078
     314    1828                                                00000200D   1079
     314                       2       0                               0D   1080
     314    1830                                                00000200D   1081
     314                       2       0                               0D   1082
124,-1.1740608485411D-14,7.39557098644698D-32,1.,                      1P      1
200.000000000001,-3.08148791101971D-32,0.999999999999999,              1P      2
1.17096540618744D-31,2.77555756156291D-15,-1.,                         1P      3
5.23852944873328D-32,-1.17267306976032D-14,99.9999999999999;           1P      4
408,9,0.,0.,0.,1.,0,1,1071;                                            3P      5
408,11,0.,0.,0.,1.,0,1,1075;                                           5P      6
408,13,0.,0.,0.,0.999999999999999,0,1,1077;                            7P      7
308,0,26HKidslab Platte Randecke v5,1,15;                              9P      8
308,0,31HKidslab Platte Invert Rand 2 v3,1,17;                        11P      9
308,0,24HKidslab Platte Rand 2 v5,1,19;                               13P     10
186,21,1,0,0,1,1069;                                                  15P     11
186,23,1,0,0,1,1073;                                                  17P     12
186,25,1,0,0,1,1073;                                                  19P     13
514,23,27,1,29,1,31,1,33,1,35,1,37,1,39,1,41,1,43,1,45,1,47,1,        21P     14
49,1,51,1,53,1,55,1,57,1,59,1,61,1,63,1,65,1,67,1,69,1,71,1;          21P     15
514,33,73,1,75,1,77,1,79,1,81,1,83,1,85,1,87,1,89,1,91,1,93,1,        23P     16
95,1,97,1,99,1,101,1,103,1,105,1,107,1,109,1,111,1,113,1,115,1,       23P     17
117,1,119,1,121,1,123,1,125,1,127,1,129,1,131,1,133,1,135,1,137,      23P     18
1;                                                                    23P     19
514,33,139,1,141,1,143,1,145,1,147,1,149,1,151,1,153,1,155,1,         25P     20
157,1,159,1,161,1,163,1,165,1,167,1,169,1,171,1,173,1,175,1,177,      25P     21
1,179,1,181,1,183,1,185,1,187,1,189,1,191,1,193,1,195,1,197,1,        25P     22
199,1,201,1,203,1;                                                    25P     23
510,879,1,1,205;                                                      27P     24
510,881,1,1,207;                                                      29P     25
510,883,1,1,209;                                                      31P     26
510,885,1,1,211;                                                      33P     27
510,887,1,1,213;                                                      35P     28
510,889,1,1,215;                                                      37P     29
510,891,1,1,217;                                                      39P     30
510,893,1,1,219;                                                      41P     31
510,895,1,1,221;                                                      43P     32
510,897,1,1,223;                                                      45P     33
510,899,1,1,225;                                                      47P     34
510,901,1,1,227;                                                      49P     35
510,903,1,1,229;                                                      51P     36
510,905,1,1,231;                                                      53P     37
510,907,1,1,233;                                                      55P     38
510,909,1,1,235;                                                      57P     39
510,911,1,1,237;                                                      59P     40
510,913,1,1,239;                                                      61P     41
510,915,1,1,241;                                                      63P     42
510,917,1,1,243;                                                      65P     43
510,919,1,1,245;                                                      67P     44
510,921,1,1,247;                                                      69P     45
510,923,1,1,249;                                                      71P     46
510,925,1,1,251;                                                      73P     47
510,927,1,1,253;                                                      75P     48
510,929,1,1,255;                                                      77P     49
510,931,1,1,257;                                                      79P     50
510,933,1,1,259;                                                      81P     51
510,935,1,1,261;                                                      83P     52
510,937,1,1,263;                                                      85P     53
510,939,1,1,265;                                                      87P     54
510,941,1,1,267;                                                      89P     55
510,943,1,1,269;                                                      91P     56
510,945,1,1,271;                                                      93P     57
510,947,1,1,273;                                                      95P     58
510,949,1,1,275;                                                      97P     59
510,951,1,1,277;                                                      99P     60
510,953,1,1,279;                                                     101P     61
510,955,1,1,281;                                                     103P     62
510,957,1,1,283;                                                     105P     63
510,959,1,1,285;                                                     107P     64
510,961,1,1,287;                                                     109P     65
510,963,1,1,289;                                                     111P     66
510,965,1,1,291;                                                     113P     67
510,967,1,1,293;                                                     115P     68
510,969,1,1,295;                                                     117P     69
510,971,1,1,297;                                                     119P     70
510,973,1,1,299;                                                     121P     71
510,975,1,1,301;                                                     123P     72
510,977,1,1,303;                                                     125P     73
510,979,1,1,305;                                                     127P     74
510,981,1,1,307;                                                     129P     75
510,983,1,1,309;                                                     131P     76
510,985,1,1,311;                                                     133P     77
510,987,1,1,313;                                                     135P     78
510,989,1,1,315;                                                     137P     79
510,991,1,1,317;                                                     139P     80
510,993,1,1,319;                                                     141P     81
510,995,1,1,321;                                                     143P     82
510,997,1,1,323;                                                     145P     83
510,999,1,1,325;                                                     147P     84
510,1001,1,1,327;                                                    149P     85
510,1003,1,1,329;                                                    151P     86
510,1005,1,1,331;                                                    153P     87
510,1007,1,1,333;                                                    155P     88
510,1009,1,1,335;                                                    157P     89
510,1011,1,1,337;                                                    159P     90
510,1013,1,1,339;                                                    161P     91
510,1015,1,1,341;                                                    163P     92
510,1017,1,1,343;                                                    165P     93
510,1019,1,1,345;                                                    167P     94
510,1021,1,1,347;                                                    169P     95
510,1023,1,1,349;                                                    171P     96
510,1025,1,1,351;                                                    173P     97
510,1027,1,1,353;                                                    175P     98
510,1029,1,1,355;                                                    177P     99
510,1031,1,1,357;                                                    179P    100
510,1033,1,1,359;                                                    181P    101
510,1035,1,1,361;                                                    183P    102
510,1037,1,1,363;                                                    185P    103
510,1039,1,1,365;                                                    187P    104
510,1041,1,1,367;                                                    189P    105
510,1043,1,1,369;                                                    191P    106
510,1045,1,1,371;                                                    193P    107
510,1047,1,1,373;                                                    195P    108
510,1049,1,1,375;                                                    197P    109
510,1051,1,1,377;                                                    199P    110
510,1053,1,1,379;                                                    201P    111
510,1055,1,1,381;                                                    203P    112
508,4,0,1063,1,0,0,0,1063,2,0,0,0,1063,3,1,0,0,1063,4,0,0;           205P    113
508,4,0,1063,5,0,0,0,1063,6,1,0,0,1063,7,0,0,0,1063,8,0,0;           207P    114
508,4,0,1063,9,0,0,0,1063,8,1,0,0,1063,10,0,0,0,1063,11,0,0;         209P    115
508,4,0,1063,12,0,0,0,1063,11,1,0,0,1063,13,0,0,0,1063,3,0,0;        211P    116
508,4,0,1063,14,0,0,0,1063,15,0,0,0,1063,6,0,0,0,1063,16,0,0;        213P    117
508,16,0,1063,4,1,0,0,1063,13,1,0,0,1063,10,1,0,0,1063,7,1,0,0,      215P    118
1063,15,1,0,0,1063,17,1,0,0,1063,18,1,0,0,1063,19,1,0,0,1063,20,     215P    119
1,0,0,1063,21,1,0,0,1063,22,0,0,0,1063,23,0,0,0,1063,24,0,0,0,       215P    120
1063,25,1,0,0,1063,26,1,0,0,1063,27,1,0;                             215P    121
508,7,0,1063,14,1,0,0,1063,28,1,0,0,1063,29,1,0,0,1063,30,0,0,0,     217P    122
1063,31,0,0,0,1063,32,0,0,0,1063,17,0,0;                             217P    123
508,4,0,1063,1,1,0,0,1063,27,0,0,0,1063,33,0,0,0,1063,34,1,0;        219P    124
508,4,0,1063,35,0,0,0,1063,25,0,0,0,1063,36,0,0,0,1063,37,1,0;       221P    125
508,4,0,1063,38,0,0,0,1063,39,1,0,0,1063,22,1,0,0,1063,40,0,0;       223P    126
508,4,0,1063,41,1,0,0,1063,42,1,0,0,1063,23,1,0,0,1063,39,0,0;       225P    127
508,4,0,1063,43,0,0,0,1063,36,1,0,0,1063,24,1,0,0,1063,42,0,0;       227P    128
508,4,0,1063,44,0,0,0,1063,45,0,0,0,1063,40,1,0,0,1063,21,0,0;       229P    129
508,16,0,1063,2,1,0,0,1063,34,0,0,0,1063,46,0,0,0,1063,37,0,0,0,     231P    130
1063,43,1,0,0,1063,41,0,0,0,1063,38,1,0,0,1063,45,1,0,0,1063,47,     231P    131
0,0,0,1063,48,1,0,0,1063,49,1,0,0,1063,28,0,0,0,1063,16,1,0,0,       231P    132
1063,5,1,0,0,1063,9,1,0,0,1063,12,1,0;                               231P    133
508,7,0,1063,44,1,0,0,1063,20,0,0,0,1063,50,0,0,0,1063,51,0,0,0,     233P    134
1063,52,0,0,0,1063,53,0,0,0,1063,47,1,0;                             233P    135
508,4,0,1063,54,1,0,0,1063,52,1,0,0,1063,55,1,0,0,1063,56,1,0;       235P    136
508,4,0,1063,57,1,0,0,1063,30,1,0,0,1063,58,1,0,0,1063,56,0,0;       237P    137
508,6,0,1063,57,0,0,0,1063,55,0,0,0,1063,51,1,0,0,1063,59,1,0,0,     239P    138
1063,60,1,0,0,1063,31,1,0;                                           239P    139
508,4,0,1063,58,0,0,0,1063,29,0,0,0,1063,49,0,0,0,1063,61,1,0;       241P    140
508,4,0,1063,54,0,0,0,1063,61,0,0,0,1063,48,0,0,0,1063,53,1,0;       243P    141
508,4,0,1063,62,0,0,0,1063,18,0,0,0,1063,32,1,0,0,1063,60,0,0;       245P    142
508,4,0,1063,35,1,0,0,1063,46,1,0,0,1063,33,1,0,0,1063,26,0,0;       247P    143
508,4,0,1063,50,1,0,0,1063,19,0,0,0,1063,62,1,0,0,1063,59,0,0;       249P    144
508,4,0,1065,1,0,0,0,1065,2,0,0,0,1065,3,1,0,0,1065,4,0,0;           251P    145
508,4,0,1065,5,0,0,0,1065,6,1,0,0,1065,7,0,0,0,1065,8,0,0;           253P    146
508,4,0,1065,9,0,0,0,1065,8,1,0,0,1065,10,0,0,0,1065,11,0,0;         255P    147
508,4,0,1065,12,0,0,0,1065,11,1,0,0,1065,13,0,0,0,1065,3,0,0;        257P    148
508,4,0,1065,14,0,0,0,1065,15,0,0,0,1065,6,0,0,0,1065,16,0,0;        259P    149
508,4,0,1065,14,1,0,0,1065,17,1,0,0,1065,18,1,0,0,1065,19,0,0;       261P    150
508,4,0,1065,1,1,0,0,1065,20,0,0,0,1065,21,0,0,0,1065,22,1,0;        263P    151
508,4,0,1065,18,0,0,0,1065,23,0,0,0,1065,24,1,0,0,1065,25,0,0;       265P    152
508,4,0,1065,26,0,0,0,1065,27,1,0,0,1065,28,0,0,0,1065,29,0,0;       267P    153
508,4,0,1065,30,0,0,0,1065,29,1,0,0,1065,31,0,0,0,1065,32,0,0;       269P    154
508,4,0,1065,33,0,0,0,1065,32,1,0,0,1065,34,0,0,0,1065,24,0,0;       271P    155
508,4,0,1065,35,0,0,0,1065,36,0,0,0,1065,27,0,0,0,1065,37,0,0;       273P    156
508,28,0,1065,2,1,0,0,1065,22,0,0,0,1065,38,0,0,0,1065,39,0,0,0,     275P    157
1065,40,1,0,0,1065,41,0,0,0,1065,42,1,0,0,1065,43,1,0,0,1065,44,     275P    158
0,0,0,1065,45,1,0,0,1065,46,0,0,0,1065,47,1,0,0,1065,48,1,0,0,       275P    159
1065,49,1,0,0,1065,50,1,0,0,1065,51,1,0,0,1065,52,0,0,0,1065,53,     275P    160
0,0,0,1065,37,1,0,0,1065,26,1,0,0,1065,30,1,0,0,1065,33,1,0,0,       275P    161
1065,23,1,0,0,1065,17,0,0,0,1065,16,1,0,0,1065,5,1,0,0,1065,9,1,     275P    162
0,0,1065,12,1,0;                                                     275P    163
508,4,0,1065,48,0,0,0,1065,54,1,0,0,1065,55,0,0,0,1065,56,0,0;       277P    164
508,4,0,1065,49,0,0,0,1065,56,1,0,0,1065,57,0,0,0,1065,58,0,0;       279P    165
508,4,0,1065,50,0,0,0,1065,58,1,0,0,1065,59,0,0,0,1065,60,0,0;       281P    166
508,4,0,1065,61,0,0,0,1065,51,0,0,0,1065,60,1,0,0,1065,62,0,0;       283P    167
508,4,0,1065,63,0,0,0,1065,64,0,0,0,1065,54,0,0,0,1065,47,0,0;       285P    168
508,28,0,1065,15,1,0,0,1065,19,1,0,0,1065,25,1,0,0,1065,34,1,0,      287P    169
0,1065,31,1,0,0,1065,28,1,0,0,1065,36,1,0,0,1065,65,1,0,0,1065,      287P    170
66,1,0,0,1065,62,1,0,0,1065,59,1,0,0,1065,57,1,0,0,1065,55,1,0,      287P    171
0,1065,64,1,0,0,1065,67,1,0,0,1065,68,1,0,0,1065,69,1,0,0,1065,      287P    172
70,1,0,0,1065,71,0,0,0,1065,72,0,0,0,1065,73,0,0,0,1065,74,1,0,      287P    173
0,1065,75,1,0,0,1065,20,1,0,0,1065,4,1,0,0,1065,13,1,0,0,1065,       287P    174
10,1,0,0,1065,7,1,0;                                                 287P    175
508,7,0,1065,63,1,0,0,1065,46,1,0,0,1065,76,1,0,0,1065,77,0,0,0,     289P    176
1065,78,0,0,0,1065,79,0,0,0,1065,67,0,0;                             289P    177
508,4,0,1065,80,1,0,0,1065,81,1,0,0,1065,77,1,0,0,1065,82,1,0;       291P    178
508,4,0,1065,61,1,0,0,1065,66,0,0,0,1065,83,0,0,0,1065,52,1,0;       293P    179
508,4,0,1065,81,0,0,0,1065,84,1,0,0,1065,85,1,0,0,1065,78,1,0;       295P    180
508,4,0,1065,82,0,0,0,1065,76,0,0,0,1065,45,0,0,0,1065,86,1,0;       297P    181
508,7,0,1065,80,0,0,0,1065,86,0,0,0,1065,44,1,0,0,1065,87,0,0,0,     299P    182
1065,69,0,0,0,1065,88,0,0,0,1065,84,0,0;                             299P    183
508,4,0,1065,35,1,0,0,1065,53,1,0,0,1065,83,1,0,0,1065,65,0,0;       301P    184
508,4,0,1065,89,0,0,0,1065,38,1,0,0,1065,21,1,0,0,1065,75,0,0;       303P    185
508,4,0,1065,88,1,0,0,1065,68,0,0,0,1065,79,1,0,0,1065,85,0,0;       305P    186
508,4,0,1065,89,1,0,0,1065,74,0,0,0,1065,90,0,0,0,1065,39,1,0;       307P    187
508,4,0,1065,42,0,0,0,1065,91,1,0,0,1065,71,1,0,0,1065,92,0,0;       309P    188
508,4,0,1065,41,1,0,0,1065,93,1,0,0,1065,72,1,0,0,1065,91,0,0;       311P    189
508,4,0,1065,40,0,0,0,1065,90,1,0,0,1065,73,1,0,0,1065,93,0,0;       313P    190
508,4,0,1065,87,1,0,0,1065,43,0,0,0,1065,92,1,0,0,1065,70,0,0;       315P    191
508,4,0,1067,1,0,0,0,1067,2,1,0,0,1067,3,0,0,0,1067,4,0,0;           317P    192
508,4,0,1067,5,0,0,0,1067,4,1,0,0,1067,6,0,0,0,1067,7,0,0;           319P    193
508,4,0,1067,8,0,0,0,1067,7,1,0,0,1067,9,0,0,0,1067,10,0,0;          321P    194
508,4,0,1067,11,0,0,0,1067,12,0,0,0,1067,10,1,0,0,1067,13,0,0;       323P    195
508,4,0,1067,14,0,0,0,1067,15,0,0,0,1067,2,0,0,0,1067,16,0,0;        325P    196
508,28,0,1067,13,1,0,0,1067,9,1,0,0,1067,6,1,0,0,1067,3,1,0,0,       327P    197
1067,15,1,0,0,1067,17,1,0,0,1067,18,1,0,0,1067,19,1,0,0,1067,20,     327P    198
1,0,0,1067,21,0,0,0,1067,22,0,0,0,1067,23,0,0,0,1067,24,1,0,0,       327P    199
1067,25,1,0,0,1067,26,1,0,0,1067,27,1,0,0,1067,28,1,0,0,1067,29,     327P    200
1,0,0,1067,30,1,0,0,1067,31,1,0,0,1067,32,1,0,0,1067,33,1,0,0,       327P    201
1067,34,1,0,0,1067,35,1,0,0,1067,36,1,0,0,1067,37,1,0,0,1067,38,     327P    202
1,0,0,1067,39,1,0;                                                   327P    203
508,7,0,1067,14,1,0,0,1067,40,1,0,0,1067,41,1,0,0,1067,42,0,0,0,     329P    204
1067,43,0,0,0,1067,44,0,0,0,1067,17,0,0;                             329P    205
508,4,0,1067,45,1,0,0,1067,46,1,0,0,1067,42,1,0,0,1067,47,1,0;       331P    206
508,4,0,1067,11,1,0,0,1067,39,0,0,0,1067,48,0,0,0,1067,49,1,0;       333P    207
508,4,0,1067,46,0,0,0,1067,50,1,0,0,1067,51,1,0,0,1067,43,1,0;       335P    208
508,4,0,1067,47,0,0,0,1067,41,0,0,0,1067,52,0,0,0,1067,53,1,0;       337P    209
508,7,0,1067,45,0,0,0,1067,53,0,0,0,1067,54,1,0,0,1067,55,0,0,0,     339P    210
1067,19,0,0,0,1067,56,0,0,0,1067,50,0,0;                             339P    211
508,4,0,1067,57,1,0,0,1067,58,1,0,0,1067,48,1,0,0,1067,38,0,0;       341P    212
508,4,0,1067,59,1,0,0,1067,60,1,0,0,1067,61,1,0,0,1067,32,0,0;       343P    213
508,4,0,1067,62,1,0,0,1067,26,0,0,0,1067,63,0,0,0,1067,64,1,0;       345P    214
508,4,0,1067,65,0,0,0,1067,66,1,0,0,1067,63,1,0,0,1067,25,0,0;       347P    215
508,4,0,1067,56,1,0,0,1067,18,0,0,0,1067,44,1,0,0,1067,51,0,0;       349P    216
508,4,0,1067,65,1,0,0,1067,24,0,0,0,1067,67,0,0,0,1067,68,1,0;       351P    217
508,4,0,1067,69,0,0,0,1067,70,1,0,0,1067,21,1,0,0,1067,71,0,0;       353P    218
508,4,0,1067,72,1,0,0,1067,73,1,0,0,1067,22,1,0,0,1067,70,0,0;       355P    219
508,4,0,1067,74,0,0,0,1067,67,1,0,0,1067,23,1,0,0,1067,73,0,0;       357P    220
508,4,0,1067,55,1,0,0,1067,75,0,0,0,1067,71,1,0,0,1067,20,0,0;       359P    221
508,4,0,1067,76,1,0,0,1067,77,1,0,0,1067,36,0,0,0,1067,78,0,0;       361P    222
508,4,0,1067,79,0,0,0,1067,78,1,0,0,1067,35,0,0,0,1067,80,0,0;       363P    223
508,4,0,1067,81,1,0,0,1067,80,1,0,0,1067,34,0,0,0,1067,82,0,0;       365P    224
508,4,0,1067,83,1,0,0,1067,82,1,0,0,1067,33,0,0,0,1067,61,0,0;       367P    225
508,4,0,1067,84,0,0,0,1067,57,0,0,0,1067,37,0,0,0,1067,77,0,0;       369P    226
508,28,0,1067,12,1,0,0,1067,49,0,0,0,1067,58,0,0,0,1067,84,1,0,      371P    227
0,1067,76,0,0,0,1067,79,1,0,0,1067,81,0,0,0,1067,83,0,0,0,1067,      371P    228
60,0,0,0,1067,85,1,0,0,1067,86,0,0,0,1067,87,1,0,0,1067,88,0,0,      371P    229
0,1067,89,0,0,0,1067,64,0,0,0,1067,66,0,0,0,1067,68,0,0,0,1067,      371P    230
74,1,0,0,1067,72,0,0,0,1067,69,1,0,0,1067,75,1,0,0,1067,54,0,0,      371P    231
0,1067,52,1,0,0,1067,40,0,0,0,1067,16,1,0,0,1067,1,1,0,0,1067,5,     371P    232
1,0,0,1067,8,1,0;                                                    371P    233
508,4,0,1067,86,1,0,0,1067,90,1,0,0,1067,30,0,0,0,1067,91,0,0;       373P    234
508,4,0,1067,87,0,0,0,1067,91,1,0,0,1067,29,0,0,0,1067,92,0,0;       375P    235
508,4,0,1067,88,1,0,0,1067,92,1,0,0,1067,28,0,0,0,1067,93,0,0;       377P    236
508,4,0,1067,89,1,0,0,1067,93,1,0,0,1067,27,0,0,0,1067,62,0,0;       379P    237
508,4,0,1067,85,0,0,0,1067,59,0,0,0,1067,31,0,0,0,1067,90,0,0;       381P    238
126,1,1,0,0,1,0,0.,0.,0.2,0.2,1.,1.,207.8,2.,0.,207.8,0.,0.,0.,      383P    239
0.2,0.,0.,0.;                                                        383P    240
126,1,1,0,0,1,0,0.680277563773199,0.680277563773199,0.75,0.75,       385P    241
1.,1.,207.8,2.,0.69722436226801,207.8,2.,0.,0.680277563773199,       385P    242
0.75,0.,0.,0.;                                                       385P    243
126,1,1,0,0,1,0,0.,0.,0.2,0.2,1.,1.,207.8,2.,0.69722436226801,       387P    244
207.8,0.,0.69722436226801,0.,0.2,0.,0.,0.;                           387P    245
126,1,1,0,0,1,0,-0.75,-0.75,-0.680277563773199,                      389P    246
-0.680277563773199,1.,1.,207.8,0.,0.,207.8,0.,0.69722436226801,      389P    247
-0.75,-0.680277563773199,0.,0.,0.;                                   389P    248
126,2,2,0,0,0,0,-0.541099525957149,-0.541099525957149,               391P    249
-0.541099525957149,3.10623922417115D-14,3.10623922417115D-14,        391P    250
3.10623922417115D-14,1.,0.963624111659643,1.,212.2,2.,               391P    251
0.69722436226801,212.2,2.,0.919104440758145,212.314285714286,2.,     391P    252
1.1092873651782,-0.541099525957149,3.10623922417115D-14,0.,0.,       391P    253
0.;                                                                  391P    254
126,1,1,0,0,1,0,0.,0.,0.2,0.2,1.,1.,212.2,2.,0.69722436226801,       393P    255
212.2,0.,0.69722436226801,0.,0.2,0.,0.,0.;                           393P    256
126,2,2,0,0,0,0,-3.10623922417115D-14,-3.10623922417115D-14,         395P    257
-3.10623922417115D-14,0.541099525957149,0.541099525957149,           395P    258
0.541099525957149,1.,0.963624111659643,1.,212.314285714286,0.,       395P    259
1.1092873651782,212.2,0.,0.919104440758145,212.2,0.,                 395P    260
0.69722436226801,-3.10623922417115D-14,0.541099525957149,0.,0.,      395P    261
0.;                                                                  395P    262
126,1,1,0,0,1,0,0.,0.,0.2,0.2,1.,1.,212.314285714286,2.,             397P    263
1.10928736517818,212.314285714286,0.,1.10928736517818,0.,0.2,0.,     397P    264
0.,0.;                                                               397P    265
126,6,2,0,0,0,0,4.67732848337449D-15,4.67732848337449D-15,           399P    266
4.67732848337449D-15,1.40793056850136,1.40793056850136,              399P    267
2.81586113700272,2.81586113700272,4.22379170550408,                  399P    268
4.22379170550408,4.22379170550408,1.,0.762281674747327,1.,           399P    269
0.762281674747331,1.,0.762281674747327,1.,212.314285714286,2.,       399P    270
1.10928736517819,213.495125329044,2.,3.07432326322854,               399P    271
211.747562664522,2.,4.55816052181779,210.,2.,6.04199778040703,       399P    272
208.252437335478,2.,4.55816052181779,206.504874670956,2.,            399P    273
3.07432326322854,207.685714285714,2.,1.10928736517819,               399P    274
4.67732848337449D-15,4.22379170550408,0.,0.,0.;                      399P    275
126,6,2,0,0,0,0,2.05939360167551,2.05939360167551,                   401P    276
2.05939360167551,3.46732417017687,3.46732417017687,                  401P    277
4.87525473867822,4.87525473867822,6.28318530717958,                  401P    278
6.28318530717958,6.28318530717958,1.,0.762281674747327,1.,           401P    279
0.762281674747331,1.,0.762281674747327,1.,207.685714285714,0.,       401P    280
1.10928736517819,206.504874670956,0.,3.07432326322854,               401P    281
208.252437335478,0.,4.55816052181779,210.,0.,6.04199778040703,       401P    282
211.747562664522,0.,4.55816052181779,213.495125329044,0.,            401P    283
3.07432326322854,212.314285714286,0.,1.10928736517819,               401P    284
2.05939360167551,6.28318530717958,0.,0.,0.;                          401P    285
126,1,1,0,0,1,0,0.,0.,0.2,0.2,1.,1.,207.685714285714,2.,             403P    286
1.10928736517818,207.685714285714,0.,1.10928736517818,0.,0.2,0.,     403P    287
0.,0.;                                                               403P    288
126,2,2,0,0,0,0,-0.54109952595716,-0.54109952595716,                 405P    289
-0.54109952595716,-3.17557799763395D-15,-3.17557799763395D-15,       405P    290
-3.17557799763395D-15,1.,0.96362411165978,1.,207.685714285714,       405P    291
2.,1.10928736517818,207.8,2.,0.919104440758119,207.8,2.,             405P    292
0.69722436226801,-0.54109952595716,-3.17557799763395D-15,0.,0.,      405P    293
0.;                                                                  405P    294
126,2,2,0,0,0,0,3.17557799763395D-15,3.17557799763395D-15,           407P    295
3.17557799763395D-15,0.54109952595716,0.54109952595716,              407P    296
0.54109952595716,1.,0.96362411165978,1.,207.8,0.,                    407P    297
0.69722436226801,207.8,0.,0.919104440758119,207.685714285714,0.,     407P    298
1.10928736517818,3.17557799763395D-15,0.54109952595716,0.,0.,0.;     407P    299
126,1,1,0,0,1,0,-0.2,-0.2,0.,0.,1.,1.,212.2,0.,0.,212.2,2.,0.,       409P    300
-0.2,0.,0.,0.,0.;                                                    409P    301
126,1,1,0,0,1,0,0.645416345659799,0.645416345659799,                 411P    302
0.7151387818866,0.7151387818866,1.,1.,212.2,0.,0.69722436226801,     411P    303
212.2,0.,0.,0.645416345659799,0.7151387818866,0.,0.,0.;              411P    304
126,1,1,0,0,1,0,-0.7151387818866,-0.7151387818866,                   413P    305
-0.645416345659799,-0.645416345659799,1.,1.,212.2,2.,0.,212.2,       413P    306
2.,0.69722436226801,-0.7151387818866,-0.645416345659799,0.,0.,       413P    307
0.;                                                                  413P    308
126,1,1,0,0,1,0,1.22,1.22,3.,3.,1.,1.,212.2,0.,0.,230.,0.,0.,        415P    309
1.22,3.,0.,0.,0.;                                                    415P    310
126,1,1,0,0,1,0,0.,0.,3.,3.,1.,1.,230.,0.,0.,230.,0.,30.,0.,3.,      417P    311
0.,0.,0.;                                                            417P    312
126,1,1,0,0,1,0,0.,0.,3.,3.,1.,1.,230.,0.,30.,200.,0.,30.,0.,3.,     419P    313
0.,0.,0.;                                                            419P    314
126,1,1,0,0,1,0,0.,0.,1.8,1.8,1.,1.,200.,0.,30.,200.,0.,12.,0.,      421P    315
1.8,0.,0.,0.;                                                        421P    316
126,1,1,0,0,1,0,0.,0.,0.069722436226801,0.069722436226801,1.,1.,     423P    317
200.,0.,12.,199.302775637732,0.,12.,0.,0.069722436226801,0.,0.,      423P    318
0.;                                                                  423P    319
126,2,2,0,0,0,0,0.,0.,0.,0.541099525957151,0.541099525957151,        425P    320
0.541099525957151,1.,0.963624111659345,1.,198.787696884094,0.,       425P    321
12.1428571428571,199.025425539619,0.,12.,199.302775637732,0.,        425P    322
12.,0.,0.541099525957151,0.,0.,0.;                                   425P    323
126,6,2,0,0,0,0,2.05939360167551,2.05939360167551,                   427P    324
2.05939360167551,3.46732417017687,3.46732417017687,                  427P    325
4.87525473867822,4.87525473867822,6.28318530717958,                  427P    326
6.28318530717958,6.28318530717958,1.,0.762281674747338,1.,           427P    327
0.762281674747332,1.,0.762281674747342,1.,198.787696884094,0.,       427P    328
7.85714285714284,196.968219200714,0.,6.76377284347804,               427P    329
195.594295813132,0.,8.38188642173901,194.220372425549,0.,            427P    330
9.99999999999999,195.594295813132,0.,11.618113578261,                427P    331
196.968219200714,0.,13.2362271565219,198.787696884094,0.,            427P    332
12.1428571428571,2.05939360167551,6.28318530717958,0.,0.,0.;         427P    333
126,2,2,0,0,0,0,0.,0.,0.,0.541099525957151,0.541099525957151,        429P    334
0.541099525957151,1.,0.963624111659318,1.,199.302775637732,0.,       429P    335
7.99999999999997,199.025425539619,0.,7.99999999999997,               429P    336
198.787696884094,0.,7.85714285714283,0.,0.541099525957151,0.,0.,     429P    337
0.;                                                                  429P    338
126,1,1,0,0,1,0,-0.0697224362268011,-0.0697224362268011,0.,0.,       431P    339
1.,1.,199.302775637732,0.,8.,200.,0.,8.,-0.0697224362268011,0.,      431P    340
0.,0.,0.;                                                            431P    341
126,1,1,0,0,1,0,2.2,2.2,3.,3.,1.,1.,200.,0.,8.,200.,0.,0.,2.2,       433P    342
3.,0.,0.,0.;                                                         433P    343
126,1,1,0,0,1,0,0.,0.,0.780000000000001,0.780000000000001,1.,1.,     435P    344
200.,0.,0.,207.8,0.,0.,0.,0.780000000000001,0.,0.,0.;                435P    345
126,1,1,0,0,1,0,1.22,1.22,2.5,2.5,1.,1.,212.2,2.,0.,225.,2.,0.,      437P    346
1.22,2.5,0.,0.,0.;                                                   437P    347
126,1,1,0,0,1,0,0.,0.,0.9,0.9,1.,1.,225.,2.,0.,225.,11.,0.,0.,       439P    348
0.9,0.,0.,0.;                                                        439P    349
126,2,2,0,0,0,0,-0.785398163397447,-0.785398163397447,               441P    350
-0.785398163397447,0.78539816339745,0.78539816339745,                441P    351
0.78539816339745,1.,0.707106781186551,1.,229.,15.,0.,225.,15.,       441P    352
0.,225.,11.,0.,-0.785398163397447,0.78539816339745,0.,0.,0.;         441P    353
126,1,1,0,0,1,0,-3.,-3.,-2.9,-2.9,1.,1.,230.,15.,0.,229.,15.,0.,     443P    354
-3.,-2.9,0.,0.,0.;                                                   443P    355
126,1,1,0,0,1,0,-0.2,-0.2,1.3,1.3,1.,1.,230.,0.,0.,230.,15.,0.,      445P    356
-0.2,1.3,0.,0.,0.;                                                   445P    357
126,1,1,0,0,1,0,0.,0.,0.2,0.2,1.,1.,200.,2.,0.,200.,0.,0.,0.,        447P    358
0.2,0.,0.,0.;                                                        447P    359
126,1,1,0,0,1,0,0.,0.,0.780000000000001,0.780000000000001,1.,1.,     449P    360
200.,2.,0.,207.8,2.,0.,0.,0.780000000000001,0.,0.,0.;                449P    361
126,1,1,0,0,1,0,-0.2,-0.2,0.,0.,1.,1.,200.,0.,8.,200.,2.,8.,         451P    362
-0.2,0.,0.,0.,0.;                                                    451P    363
126,1,1,0,0,1,0,0.,0.,0.2,0.2,1.,1.,199.302775637732,2.,8.,          453P    364
199.302775637732,0.,8.,0.,0.2,0.,0.,0.;                              453P    365
126,1,1,0,0,1,0,-0.0697224362268011,-0.0697224362268011,0.,0.,       455P    366
1.,1.,199.302775637732,2.,8.,200.,2.,8.,-0.0697224362268011,0.,      455P    367
0.,0.,0.;                                                            455P    368
126,2,2,0,0,0,0,0.,0.,0.,0.541099525957151,0.541099525957151,        457P    369
0.541099525957151,1.,0.963624111659345,1.,198.787696884094,2.,       457P    370
12.1428571428571,199.025425539619,2.,12.,199.302775637732,2.,        457P    371
12.,0.,0.541099525957151,0.,0.,0.;                                   457P    372
126,1,1,0,0,1,0,0.,0.,0.2,0.2,1.,1.,198.787696884094,2.,             459P    373
12.1428571428571,198.787696884094,0.,12.1428571428571,0.,0.2,0.,     459P    374
0.,0.;                                                               459P    375
126,1,1,0,0,1,0,0.,0.,0.2,0.2,1.,1.,199.302775637732,2.,12.,         461P    376
199.302775637732,0.,12.,0.,0.2,0.,0.,0.;                             461P    377
126,6,2,0,0,0,0,0.,0.,0.,1.40793056850136,1.40793056850136,          463P    378
2.81586113700272,2.81586113700272,4.22379170550408,                  463P    379
4.22379170550408,4.22379170550408,1.,0.762281674747327,1.,           463P    380
0.762281674747332,1.,0.762281674747328,1.,198.787696884094,2.,       463P    381
12.1428571428571,196.968219200714,2.,13.2362271565219,               463P    382
195.594295813132,2.,11.618113578261,194.220372425549,2.,             463P    383
9.99999999999999,195.594295813132,2.,8.38188642173901,               463P    384
196.968219200714,2.,6.76377284347804,198.787696884094,2.,            463P    385
7.85714285714285,0.,4.22379170550408,0.,0.,0.;                       463P    386
126,1,1,0,0,1,0,0.,0.,0.2,0.2,1.,1.,198.787696884094,2.,             465P    387
7.85714285714284,198.787696884094,0.,7.85714285714284,0.,0.2,0.,     465P    388
0.,0.;                                                               465P    389
126,2,2,0,0,0,0,0.,0.,0.,0.541099525957151,0.541099525957151,        467P    390
0.541099525957151,1.,0.963624111659318,1.,199.302775637732,2.,       467P    391
7.99999999999997,199.025425539619,2.,7.99999999999997,               467P    392
198.787696884094,2.,7.85714285714283,0.,0.541099525957151,0.,0.,     467P    393
0.;                                                                  467P    394
126,1,1,0,0,1,0,0.,0.,0.2,0.2,1.,1.,200.,2.,12.,200.,0.,12.,0.,      469P    395
0.2,0.,0.,0.;                                                        469P    396
126,1,1,0,0,1,0,-0.069722436226801,-0.069722436226801,0.,0.,1.,      471P    397
1.,199.302775637732,2.,12.,200.,2.,12.,-0.069722436226801,0.,0.,     471P    398
0.,0.;                                                               471P    399
126,1,1,0,0,1,0,2.2,2.2,3.,3.,1.,1.,200.,2.,8.,200.,2.,0.,2.2,       473P    400
3.,0.,0.,0.;                                                         473P    401
126,1,1,0,0,1,0,0.5,0.5,1.8,1.8,1.,1.,200.,2.,25.,200.,2.,12.,       475P    402
0.5,1.8,0.,0.,0.;                                                    475P    403
126,1,1,0,0,1,0,-2.,-2.,0.5,0.5,1.,1.,200.,2.,25.,225.,2.,25.,       477P    404
-2.,0.5,0.,0.,0.;                                                    477P    405
126,1,1,0,0,1,0,-1.75,-1.75,0.75,0.75,1.,1.,225.,2.,25.,225.,2.,     479P    406
0.,-1.75,0.75,0.,0.,0.;                                              479P    407
126,1,1,0,0,1,0,-1.3,-1.3,0.2,0.2,1.,1.,200.,15.,30.,200.,0.,        481P    408
30.,-1.3,0.2,0.,0.,0.;                                               481P    409
126,1,1,0,0,1,0,-0.1,-0.1,0.,0.,1.,1.,200.,15.,29.,200.,15.,30.,     483P    410
-0.1,0.,0.,0.,0.;                                                    483P    411
126,2,2,0,0,0,0,5.49778714378214,5.49778714378214,                   485P    412
5.49778714378214,7.06858347057703,7.06858347057703,                  485P    413
7.06858347057703,1.,0.70710678118655,1.,200.,11.,25.,200.,15.,       485P    414
25.,200.,15.,29.,5.49778714378214,7.06858347057703,0.,0.,0.;         485P    415
126,1,1,0,0,1,0,0.,0.,0.9,0.9,1.,1.,200.,2.,25.,200.,11.,25.,0.,     487P    416
0.9,0.,0.,0.;                                                        487P    417
126,1,1,0,0,1,0,-0.5,-0.5,2.,2.,1.,1.,225.,11.,25.,200.,11.,25.,     489P    418
-0.5,2.,0.,0.,0.;                                                    489P    419
126,1,1,0,0,1,0,-2.,-2.,0.899999999999999,0.899999999999999,1.,      491P    420
1.,200.,15.,29.,229.,15.,29.,-2.,0.899999999999999,0.,0.,0.;         491P    421
126,2,2,0,0,0,0,1.5707963267949,1.5707963267949,1.5707963267949,     493P    422
3.14159265358979,3.14159265358979,3.14159265358979,1.,               493P    423
0.707106781186549,1.,229.,15.,29.,225.,15.,25.,225.,11.,25.,         493P    424
1.5707963267949,3.14159265358979,0.,0.,0.;                           493P    425
126,1,1,0,0,1,0,-2.15,-2.15,0.75,0.75,1.,1.,229.,15.,29.,229.,       495P    426
15.,0.,-2.15,0.75,0.,0.,0.;                                          495P    427
126,1,1,0,0,1,0,-0.75,-0.75,1.75,1.75,1.,1.,225.,11.,0.,225.,        497P    428
11.,25.,-0.75,1.75,0.,0.,0.;                                         497P    429
126,1,1,0,0,1,0,-3.,-3.,0.,0.,1.,1.,200.,15.,30.,230.,15.,30.,       499P    430
-3.,0.,0.,0.,0.;                                                     499P    431
126,1,1,0,0,1,0,-3.,-3.,0.,0.,1.,1.,230.,15.,30.,230.,15.,0.,        501P    432
-3.,0.,0.,0.,0.;                                                     501P    433
126,1,1,0,0,1,0,0.,0.,0.9,0.9,1.,1.,225.,2.,25.,225.,11.,25.,0.,     503P    434
0.9,0.,0.,0.;                                                        503P    435
126,1,1,0,0,1,0,-0.2,-0.2,1.3,1.3,1.,1.,230.,0.,30.,230.,15.,        505P    436
30.,-0.2,1.3,0.,0.,0.;                                               505P    437
126,1,1,0,0,1,0,0.,0.,0.2,0.2,1.,1.,122.8,2.,0.,122.8,0.,0.,0.,      507P    438
0.2,0.,0.,0.;                                                        507P    439
126,1,1,0,0,1,0,0.430277563773198,0.430277563773198,0.5,0.5,1.,      509P    440
1.,122.8,2.,0.697224362268011,122.8,2.,0.,0.430277563773198,0.5,     509P    441
0.,0.,0.;                                                            509P    442
126,1,1,0,0,1,0,0.,0.,0.2,0.2,1.,1.,122.8,2.,0.697224362268011,      511P    443
122.8,0.,0.697224362268011,0.,0.2,0.,0.,0.;                          511P    444
126,1,1,0,0,1,0,-0.5,-0.5,-0.430277563773198,-0.430277563773198,     513P    445
1.,1.,122.8,0.,0.,122.8,0.,0.697224362268011,-0.5,                   513P    446
-0.430277563773198,0.,0.,0.;                                         513P    447
126,2,2,0,0,0,0,-0.541099525957151,-0.541099525957151,               515P    448
-0.541099525957151,1.15467531369711D-14,1.15467531369711D-14,        515P    449
1.15467531369711D-14,1.,0.963624111659761,1.,127.2,2.,               515P    450
0.697224362268011,127.2,2.,0.919104440758125,127.314285714286,       515P    451
2.,1.10928736517819,-0.541099525957151,1.15467531369711D-14,0.,      515P    452
0.,0.;                                                               515P    453
126,1,1,0,0,1,0,0.,0.,0.2,0.2,1.,1.,127.2,2.,0.697224362268011,      517P    454
127.2,0.,0.697224362268011,0.,0.2,0.,0.,0.;                          517P    455
126,2,2,0,0,0,0,4.68375338513753D-15,4.68375338513753D-15,           519P    456
4.68375338513753D-15,0.541099525957151,0.541099525957151,            519P    457
0.541099525957151,1.,0.963624111659852,1.,127.314285714286,0.,       519P    458
1.10928736517818,127.2,0.,0.919104440758107,127.2,0.,                519P    459
0.697224362268011,4.68375338513753D-15,0.541099525957151,0.,0.,      519P    460
0.;                                                                  519P    461
126,1,1,0,0,1,0,0.,0.,0.2,0.2,1.,1.,127.314285714286,2.,             521P    462
1.10928736517818,127.314285714286,0.,1.10928736517818,0.,0.2,0.,     521P    463
0.,0.;                                                               521P    464
126,6,2,0,0,0,0,3.08395284618098D-15,3.08395284618098D-15,           523P    465
3.08395284618098D-15,1.40793056850136,1.40793056850136,              523P    466
2.81586113700272,2.81586113700272,4.22379170550408,                  523P    467
4.22379170550408,4.22379170550408,1.,0.762281674747336,1.,           523P    468
0.762281674747333,1.,0.762281674747336,1.,127.314285714286,2.,       523P    469
1.10928736517819,128.495125329044,2.,3.07432326322855,               523P    470
126.747562664522,2.,4.55816052181779,125.,2.,6.04199778040703,       523P    471
123.252437335478,2.,4.55816052181779,121.504874670956,2.,            523P    472
3.07432326322855,122.685714285714,2.,1.10928736517819,               523P    473
3.08395284618098D-15,4.22379170550408,0.,0.,0.;                      523P    474
126,6,2,0,0,0,0,-4.22379170550408,-4.22379170550408,                 525P    475
-4.22379170550408,-2.81586113700272,-2.81586113700272,               525P    476
-1.40793056850136,-1.40793056850136,-3.04587935425282D-15,           525P    477
-3.04587935425282D-15,-3.04587935425282D-15,1.,                      525P    478
0.762281674747336,1.,0.762281674747333,1.,0.762281674747336,1.,      525P    479
122.685714285714,0.,1.10928736517819,121.504874670956,0.,            525P    480
3.07432326322855,123.252437335478,0.,4.55816052181779,125.,0.,       525P    481
6.04199778040703,126.747562664522,0.,4.55816052181779,               525P    482
128.495125329044,0.,3.07432326322855,127.314285714286,0.,            525P    483
1.10928736517819,-4.22379170550408,-3.04587935425282D-15,0.,0.,      525P    484
0.;                                                                  525P    485
126,1,1,0,0,1,0,0.,0.,0.2,0.2,1.,1.,122.685714285714,2.,             527P    486
1.10928736517818,122.685714285714,0.,1.10928736517818,0.,0.2,0.,     527P    487
0.,0.;                                                               527P    488
126,2,2,0,0,0,0,-0.541099525957162,-0.541099525957162,               529P    489
-0.541099525957162,7.63278329429754D-16,7.63278329429754D-16,        529P    490
7.63278329429754D-16,1.,0.963624111659762,1.,122.685714285714,       529P    491
2.,1.10928736517819,122.8,2.,0.919104440758126,122.8,2.,             529P    492
0.697224362268011,-0.541099525957162,7.63278329429754D-16,0.,0.,     529P    493
0.;                                                                  529P    494
126,2,2,0,0,0,0,-2.71170936169727D-29,-2.71170936169727D-29,         531P    495
-2.71170936169727D-29,0.541099525957162,0.541099525957162,           531P    496
0.541099525957162,1.,0.963624111659767,1.,122.8,0.,                  531P    497
0.697224362268012,122.8,0.,0.919104440758125,122.685714285714,       531P    498
0.,1.10928736517819,-2.71170936169727D-29,0.541099525957162,0.,      531P    499
0.,0.;                                                               531P    500
126,1,1,0,0,1,0,-0.2,-0.2,0.,0.,1.,1.,127.2,0.,0.,127.2,2.,0.,       533P    501
-0.2,0.,0.,0.,0.;                                                    533P    502
126,1,1,0,0,1,0,0.395416345659798,0.395416345659798,                 535P    503
0.465138781886599,0.465138781886599,1.,1.,127.2,0.,                  535P    504
0.697224362268011,127.2,0.,0.,0.395416345659798,                     535P    505
0.465138781886599,0.,0.,0.;                                          535P    506
126,1,1,0,0,1,0,-0.465138781886599,-0.465138781886599,               537P    507
-0.395416345659798,-0.395416345659798,1.,1.,127.2,2.,0.,127.2,       537P    508
2.,0.697224362268011,-0.465138781886599,-0.395416345659798,0.,       537P    509
0.,0.;                                                               537P    510
126,1,1,0,0,1,0,2.72,2.72,7.28,7.28,1.,1.,127.2,2.,0.,172.8,2.,      539P    511
0.,2.72,7.28,0.,0.,0.;                                               539P    512
126,1,1,0,0,1,0,0.,0.,0.2,0.2,1.,1.,172.8,2.,0.,172.8,0.,0.,0.,      541P    513
0.2,0.,0.,0.;                                                        541P    514
126,1,1,0,0,1,0,2.72,2.72,7.28,7.28,1.,1.,127.2,0.,0.,172.8,0.,      543P    515
0.,2.72,7.28,0.,0.,0.;                                               543P    516
126,1,1,0,0,1,0,0.,0.,2.28,2.28,1.,1.,100.,0.,0.,122.8,0.,0.,0.,     545P    517
2.28,0.,0.,0.;                                                       545P    518
126,1,1,0,0,1,0,0.,0.,0.2,0.2,1.,1.,100.,2.,0.,100.,0.,0.,0.,        547P    519
0.2,0.,0.,0.;                                                        547P    520
126,1,1,0,0,1,0,0.,0.,2.28,2.28,1.,1.,100.,2.,0.,122.8,2.,0.,0.,     549P    521
2.28,0.,0.,0.;                                                       549P    522
126,1,1,0,0,1,0,0.430277563773198,0.430277563773198,0.5,0.5,1.,      551P    523
1.,172.8,2.,0.697224362268011,172.8,2.,0.,0.430277563773198,0.5,     551P    524
0.,0.,0.;                                                            551P    525
126,1,1,0,0,1,0,0.,0.,0.2,0.2,1.,1.,172.8,2.,0.697224362268011,      553P    526
172.8,0.,0.697224362268011,0.,0.2,0.,0.,0.;                          553P    527
126,1,1,0,0,1,0,-0.5,-0.5,-0.430277563773198,-0.430277563773198,     555P    528
1.,1.,172.8,0.,0.,172.8,0.,0.697224362268011,-0.5,                   555P    529
-0.430277563773198,0.,0.,0.;                                         555P    530
126,2,2,0,0,0,0,-0.541099525957152,-0.541099525957152,               557P    531
-0.541099525957152,2.23887748618271D-14,2.23887748618271D-14,        557P    532
2.23887748618271D-14,1.,0.963624111659694,1.,177.2,2.,               557P    533
0.69722436226801,177.2,2.,0.919104440758137,177.314285714286,2.,     557P    534
1.10928736517819,-0.541099525957152,2.23887748618271D-14,0.,0.,      557P    535
0.;                                                                  557P    536
126,1,1,0,0,1,0,0.,0.,0.2,0.2,1.,1.,177.2,2.,0.697224362268011,      559P    537
177.2,0.,0.697224362268011,0.,0.2,0.,0.,0.;                          559P    538
126,2,2,0,0,0,0,1.37910516340163D-14,1.37910516340163D-14,           561P    539
1.37910516340163D-14,0.541099525957152,0.541099525957152,            561P    540
0.541099525957152,1.,0.963624111659908,1.,177.314285714286,0.,       561P    541
1.10928736517817,177.2,0.,0.919104440758097,177.2,0.,                561P    542
0.69722436226801,1.37910516340163D-14,0.541099525957152,0.,0.,       561P    543
0.;                                                                  561P    544
126,1,1,0,0,1,0,0.,0.,0.2,0.2,1.,1.,177.314285714286,2.,             563P    545
1.10928736517818,177.314285714286,0.,1.10928736517818,0.,0.2,0.,     563P    546
0.,0.;                                                               563P    547
126,6,2,0,0,0,0,2.92975520387193D-15,2.92975520387193D-15,           565P    548
2.92975520387193D-15,1.40793056850136,1.40793056850136,              565P    549
2.81586113700272,2.81586113700272,4.22379170550408,                  565P    550
4.22379170550408,4.22379170550408,1.,0.762281674747327,1.,           565P    551
0.762281674747333,1.,0.762281674747327,1.,177.314285714286,2.,       565P    552
1.10928736517819,178.495125329044,2.,3.07432326322854,               565P    553
176.747562664522,2.,4.55816052181779,175.,2.,6.04199778040703,       565P    554
173.252437335478,2.,4.55816052181779,171.504874670956,2.,            565P    555
3.07432326322854,172.685714285714,2.,1.10928736517819,               565P    556
2.92975520387193D-15,4.22379170550408,0.,0.,0.;                      565P    557
126,6,2,0,0,0,0,-4.22379170550408,-4.22379170550408,                 567P    558
-4.22379170550408,-2.81586113700272,-2.81586113700272,               567P    559
-1.40793056850136,-1.40793056850136,-2.85551189461202D-15,           567P    560
-2.85551189461202D-15,-2.85551189461202D-15,1.,                      567P    561
0.762281674747327,1.,0.762281674747334,1.,0.762281674747327,1.,      567P    562
172.685714285714,0.,1.10928736517819,171.504874670956,0.,            567P    563
3.07432326322854,173.252437335478,0.,4.55816052181779,175.,0.,       567P    564
6.04199778040703,176.747562664522,0.,4.55816052181779,               567P    565
178.495125329044,0.,3.07432326322854,177.314285714286,0.,            567P    566
1.10928736517819,-4.22379170550408,-2.85551189461202D-15,0.,0.,      567P    567
0.;                                                                  567P    568
126,1,1,0,0,1,0,0.,0.,0.2,0.2,1.,1.,172.685714285714,2.,             569P    569
1.10928736517818,172.685714285714,0.,1.10928736517818,0.,0.2,0.,     569P    570
0.,0.;                                                               569P    571
126,2,2,0,0,0,0,-0.541099525957174,-0.541099525957174,               571P    572
-0.541099525957174,7.63278329429839D-16,7.63278329429839D-16,        571P    573
7.63278329429839D-16,1.,0.963624111659695,1.,172.685714285714,       571P    574
2.,1.1092873651782,172.8,2.,0.919104440758138,172.8,2.,              571P    575
0.697224362268011,-0.541099525957174,7.63278329429839D-16,0.,0.,     571P    576
0.;                                                                  571P    577
126,2,2,0,0,0,0,2.71170936169732D-29,2.71170936169732D-29,           573P    578
2.71170936169732D-29,0.541099525957174,0.541099525957174,            573P    579
0.541099525957174,1.,0.963624111659698,1.,172.8,0.,                  573P    580
0.697224362268012,172.8,0.,0.919104440758139,172.685714285714,       573P    581
0.,1.1092873651782,2.71170936169732D-29,0.541099525957174,0.,0.,     573P    582
0.;                                                                  573P    583
126,1,1,0,0,1,0,-0.2,-0.2,0.,0.,1.,1.,177.2,0.,0.,177.2,2.,0.,       575P    584
-0.2,0.,0.,0.,0.;                                                    575P    585
126,1,1,0,0,1,0,0.395416345659798,0.395416345659798,                 577P    586
0.465138781886599,0.465138781886599,1.,1.,177.2,0.,                  577P    587
0.69722436226801,177.2,0.,0.,0.395416345659798,                      577P    588
0.465138781886599,0.,0.,0.;                                          577P    589
126,1,1,0,0,1,0,-0.465138781886599,-0.465138781886599,               579P    590
-0.395416345659798,-0.395416345659798,1.,1.,177.2,2.,0.,177.2,       579P    591
2.,0.69722436226801,-0.465138781886599,-0.395416345659798,0.,0.,     579P    592
0.;                                                                  579P    593
126,1,1,0,0,1,0,2.2,2.2,3.,3.,1.,1.,100.,2.,8.,100.,2.,0.,2.2,       581P    594
3.,0.,0.,0.;                                                         581P    595
126,1,1,0,0,1,0,-0.0697224362268011,-0.0697224362268011,0.,0.,       583P    596
1.,1.,99.302775637732,2.,8.,100.,2.,8.,-0.0697224362268011,0.,       583P    597
0.,0.,0.;                                                            583P    598
126,2,2,0,0,0,0,0.,0.,0.,0.541099525957151,0.541099525957151,        585P    599
0.541099525957151,1.,0.963624111659318,1.,99.302775637732,2.,        585P    600
7.99999999999997,99.0254255396194,2.,7.99999999999997,               585P    601
98.7876968840943,2.,7.85714285714283,0.,0.541099525957151,0.,0.,     585P    602
0.;                                                                  585P    603
126,6,2,0,0,0,0,0.,0.,0.,1.40793056850136,1.40793056850136,          587P    604
2.81586113700272,2.81586113700272,4.22379170550408,                  587P    605
4.22379170550408,4.22379170550408,1.,0.762281674747334,1.,           587P    606
0.762281674747332,1.,0.762281674747334,1.,98.7876968840943,2.,       587P    607
12.1428571428571,96.9682192007143,2.,13.2362271565219,               587P    608
95.5942958131317,2.,11.618113578261,94.220372425549,2.,              587P    609
9.99999999999999,95.5942958131317,2.,8.38188642173901,               587P    610
96.9682192007143,2.,6.76377284347804,98.7876968840943,2.,            587P    611
7.85714285714285,0.,4.22379170550408,0.,0.,0.;                       587P    612
126,2,2,0,0,0,0,0.,0.,0.,0.541099525957151,0.541099525957151,        589P    613
0.541099525957151,1.,0.963624111659345,1.,98.7876968840943,2.,       589P    614
12.1428571428571,99.0254255396194,2.,12.,99.302775637732,2.,12.,     589P    615
0.,0.541099525957151,0.,0.,0.;                                       589P    616
126,1,1,0,0,1,0,-0.069722436226801,-0.069722436226801,0.,0.,1.,      591P    617
1.,99.302775637732,2.,12.,100.,2.,12.,-0.069722436226801,0.,0.,      591P    618
0.,0.;                                                               591P    619
126,1,1,0,0,1,0,0.5,0.5,1.8,1.8,1.,1.,100.,2.,25.,100.,2.,12.,       593P    620
0.5,1.8,0.,0.,0.;                                                    593P    621
126,1,1,0,0,1,0,-5.125,-5.125,4.875,4.875,1.,1.,100.,2.,25.,         595P    622
200.,2.,25.,-5.125,4.875,0.,0.,0.;                                   595P    623
126,1,1,0,0,1,0,1.22,1.22,2.5,2.5,1.,1.,200.,2.,12.2,200.,2.,        597P    624
25.,1.22,2.5,0.,0.,0.;                                               597P    625
126,1,1,0,0,1,0,-4.8401387818866,-4.8401387818866,                   599P    626
-4.7704163456598,-4.7704163456598,1.,1.,200.,2.,12.2,                599P    627
199.302775637732,2.,12.2,-4.8401387818866,-4.7704163456598,0.,       599P    628
0.,0.;                                                               599P    629
126,2,2,0,0,0,0,-0.541099525957149,-0.541099525957149,               601P    630
-0.541099525957149,9.86623976961869D-15,9.86623976961869D-15,        601P    631
9.86623976961869D-15,1.,0.963624111659759,1.,199.302775637732,       601P    632
2.,12.2,199.080895559242,2.,12.2,198.890712634822,2.,                601P    633
12.3142857142857,-0.541099525957149,9.86623976961869D-15,0.,0.,      601P    634
0.;                                                                  601P    635
126,6,2,0,0,0,0,-1.54197642309049D-15,-1.54197642309049D-15,         603P    636
-1.54197642309049D-15,1.40793056850136,1.40793056850136,             603P    637
2.81586113700272,2.81586113700272,4.22379170550408,                  603P    638
4.22379170550408,4.22379170550408,1.,0.762281674747334,1.,           603P    639
0.762281674747356,1.,0.762281674747334,1.,198.890712634822,2.,       603P    640
12.3142857142857,196.925676736771,2.,13.4951253290437,               603P    641
195.441839478182,2.,11.7475626645218,193.958002219593,2.,            603P    642
9.99999999999999,195.441839478182,2.,8.25243733547813,               603P    643
196.925676736771,2.,6.50487467095628,198.890712634822,2.,            603P    644
7.68571428571428,-1.54197642309049D-15,4.22379170550408,0.,0.,       603P    645
0.;                                                                  603P    646
126,2,2,0,0,0,0,-0.54109952595714,-0.54109952595714,                 605P    647
-0.54109952595714,-3.23681033759132D-15,-3.23681033759132D-15,       605P    648
-3.23681033759132D-15,1.,0.963624111659523,1.,198.890712634822,      605P    649
2.,7.68571428571426,199.080895559242,2.,7.79999999999997,            605P    650
199.302775637732,2.,7.79999999999997,-0.54109952595714,              605P    651
-3.23681033759132D-15,0.,0.,0.;                                      605P    652
126,1,1,0,0,1,0,4.8052775637732,4.8052775637732,4.875,4.875,1.,      607P    653
1.,199.302775637732,2.,7.8,200.,2.,7.8,4.8052775637732,4.875,0.,     607P    654
0.,0.;                                                               607P    655
126,1,1,0,0,1,0,0.,0.,0.78,0.78,1.,1.,200.,2.,0.,200.,2.,7.8,0.,     609P    656
0.78,0.,0.,0.;                                                       609P    657
126,1,1,0,0,1,0,7.72,7.72,10.,10.,1.,1.,177.2,2.,0.,200.,2.,0.,      611P    658
7.72,10.,0.,0.,0.;                                                   611P    659
126,1,1,0,0,1,0,0.,0.,0.2,0.2,1.,1.,199.302775637732,2.,12.2,        613P    660
199.302775637732,0.,12.2,0.,0.2,0.,0.,0.;                            613P    661
126,2,2,0,0,0,0,2.02962646689295D-14,2.02962646689295D-14,           615P    662
2.02962646689295D-14,0.541099525957149,0.541099525957149,            615P    663
0.541099525957149,1.,0.963624111659522,1.,198.890712634822,0.,       615P    664
12.3142857142857,199.080895559242,0.,12.2,199.302775637732,0.,       615P    665
12.2,2.02962646689295D-14,0.541099525957149,0.,0.,0.;                615P    666
126,1,1,0,0,1,0,0.,0.,0.2,0.2,1.,1.,198.890712634822,2.,             617P    667
12.3142857142857,198.890712634822,0.,12.3142857142857,0.,0.2,0.,     617P    668
0.,0.;                                                               617P    669
126,6,2,0,0,0,0,-4.22379170550408,-4.22379170550408,                 619P    670
-4.22379170550408,-2.81586113700272,-2.81586113700272,               619P    671
-1.40793056850136,-1.40793056850136,1.52293967712641D-15,            619P    672
1.52293967712641D-15,1.52293967712641D-15,1.,0.762281674747334,      619P    673
1.,0.762281674747356,1.,0.762281674747334,1.,198.890712634822,       619P    674
0.,7.68571428571428,196.925676736771,0.,6.50487467095628,            619P    675
195.441839478182,0.,8.25243733547813,193.958002219593,0.,            619P    676
9.99999999999999,195.441839478182,0.,11.7475626645218,               619P    677
196.925676736771,0.,13.4951253290437,198.890712634822,0.,            619P    678
12.3142857142857,-4.22379170550408,1.52293967712641D-15,0.,0.,       619P    679
0.;                                                                  619P    680
126,1,1,0,0,1,0,0.,0.,0.2,0.2,1.,1.,198.890712634822,2.,             621P    681
7.68571428571427,198.890712634822,0.,7.68571428571427,0.,0.2,0.,     621P    682
0.,0.;                                                               621P    683
126,2,2,0,0,0,0,-3.23681033759132D-15,-3.23681033759132D-15,         623P    684
-3.23681033759132D-15,0.54109952595714,0.54109952595714,             623P    685
0.54109952595714,1.,0.963624111659792,1.,199.302775637732,0.,        623P    686
7.79999999999997,199.080895559242,0.,7.79999999999997,               623P    687
198.890712634822,0.,7.68571428571426,-3.23681033759132D-15,          623P    688
0.54109952595714,0.,0.,0.;                                           623P    689
126,1,1,0,0,1,0,0.,0.,0.2,0.2,1.,1.,199.302775637732,2.,7.8,         625P    690
199.302775637732,0.,7.8,0.,0.2,0.,0.,0.;                             625P    691
126,1,1,0,0,1,0,0.,0.,0.2,0.2,1.,1.,200.,2.,7.8,200.,0.,7.8,0.,      627P    692
0.2,0.,0.,0.;                                                        627P    693
126,1,1,0,0,1,0,-4.875,-4.875,-4.8052775637732,-4.8052775637732,     629P    694
1.,1.,200.,0.,7.8,199.302775637732,0.,7.8,-4.875,                    629P    695
-4.8052775637732,0.,0.,0.;                                           629P    696
126,1,1,0,0,1,0,-0.2,-0.2,0.,0.,1.,1.,200.,0.,12.2,200.,2.,12.2,     631P    697
-0.2,0.,0.,0.,0.;                                                    631P    698
126,1,1,0,0,1,0,4.7704163456598,4.7704163456598,4.8401387818866,     633P    699
4.8401387818866,1.,1.,199.302775637732,0.,12.2,200.,0.,12.2,         633P    700
4.7704163456598,4.8401387818866,0.,0.,0.;                            633P    701
126,1,1,0,0,1,0,7.72,7.72,10.,10.,1.,1.,177.2,0.,0.,200.,0.,0.,      635P    702
7.72,10.,0.,0.,0.;                                                   635P    703
126,1,1,0,0,1,0,0.,0.,0.78,0.78,1.,1.,200.,0.,0.,200.,0.,7.8,0.,     637P    704
0.78,0.,0.,0.;                                                       637P    705
126,1,1,0,0,1,0,1.22,1.22,3.,3.,1.,1.,200.,0.,12.2,200.,0.,30.,      639P    706
1.22,3.,0.,0.,0.;                                                    639P    707
126,1,1,0,0,1,0,0.,0.,10.,10.,1.,1.,200.,0.,30.,100.,0.,30.,0.,      641P    708
10.,0.,0.,0.;                                                        641P    709
126,1,1,0,0,1,0,0.,0.,1.8,1.8,1.,1.,100.,0.,30.,100.,0.,12.,0.,      643P    710
1.8,0.,0.,0.;                                                        643P    711
126,1,1,0,0,1,0,3.26311457627254D-31,3.26311457627254D-31,           645P    712
0.069722436226801,0.069722436226801,1.,1.,100.,0.,12.,               645P    713
99.302775637732,0.,12.,3.26311457627254D-31,0.069722436226801,       645P    714
0.,0.,0.;                                                            645P    715
126,2,2,0,0,0,0,0.,0.,0.,0.541099525957151,0.541099525957151,        647P    716
0.541099525957151,1.,0.963624111659345,1.,98.7876968840943,0.,       647P    717
12.1428571428571,99.0254255396194,0.,12.,99.302775637732,0.,12.,     647P    718
0.,0.541099525957151,0.,0.,0.;                                       647P    719
126,6,2,0,0,0,0,2.05939360167551,2.05939360167551,                   649P    720
2.05939360167551,3.46732417017687,3.46732417017687,                  649P    721
4.87525473867822,4.87525473867822,6.28318530717958,                  649P    722
6.28318530717958,6.28318530717958,1.,0.762281674747331,1.,           649P    723
0.762281674747332,1.,0.762281674747336,1.,98.7876968840943,0.,       649P    724
7.85714285714284,96.9682192007143,0.,6.76377284347804,               649P    725
95.5942958131317,0.,8.38188642173901,94.220372425549,0.,             649P    726
9.99999999999999,95.5942958131317,0.,11.618113578261,                649P    727
96.9682192007143,0.,13.2362271565219,98.7876968840943,0.,            649P    728
12.1428571428571,2.05939360167551,6.28318530717958,0.,0.,0.;         649P    729
126,2,2,0,0,0,0,0.,0.,0.,0.541099525957151,0.541099525957151,        651P    730
0.541099525957151,1.,0.963624111659318,1.,99.302775637732,0.,        651P    731
7.99999999999997,99.0254255396194,0.,7.99999999999997,               651P    732
98.7876968840943,0.,7.85714285714283,0.,0.541099525957151,0.,0.,     651P    733
0.;                                                                  651P    734
126,1,1,0,0,1,0,-0.0697224362268011,-0.0697224362268011,0.,0.,       653P    735
1.,1.,99.302775637732,0.,8.,100.,0.,8.,-0.0697224362268011,0.,       653P    736
0.,0.,0.;                                                            653P    737
126,1,1,0,0,1,0,2.2,2.2,3.,3.,1.,1.,100.,0.,8.,100.,0.,0.,2.2,       655P    738
3.,0.,0.,0.;                                                         655P    739
126,1,1,0,0,1,0,0.,0.,0.9,0.9,1.,1.,200.,2.,25.,200.,11.,25.,0.,     657P    740
0.9,0.,0.,0.;                                                        657P    741
126,2,2,0,0,0,0,-0.785398163397449,-0.785398163397449,               659P    742
-0.785398163397449,0.785398163397448,0.785398163397448,              659P    743
0.785398163397448,1.,0.707106781186547,1.,200.,15.,29.,200.,15.,     659P    744
25.,200.,11.,25.,-0.785398163397449,0.785398163397448,0.,0.,0.;      659P    745
126,1,1,0,0,1,0,-3.,-3.,-2.9,-2.9,1.,1.,200.,15.,30.,200.,15.,       661P    746
29.,-3.,-2.9,0.,0.,0.;                                               661P    747
126,1,1,0,0,1,0,-0.2,-0.2,1.3,1.3,1.,1.,200.,0.,30.,200.,15.,        663P    748
30.,-0.2,1.3,0.,0.,0.;                                               663P    749
126,2,2,0,0,0,0,5.49778714378214,5.49778714378214,                   665P    750
5.49778714378214,7.06858347057704,7.06858347057704,                  665P    751
7.06858347057704,1.,0.707106781186547,1.,100.,11.,25.,100.,15.,      665P    752
25.,100.,15.,29.,5.49778714378214,7.06858347057704,0.,0.,0.;         665P    753
126,1,1,0,0,1,0,-7.5,-7.5,2.5,2.5,1.,1.,100.,15.,29.,200.,15.,       667P    754
29.,-7.5,2.5,0.,0.,0.;                                               667P    755
126,1,1,0,0,1,0,-2.5,-2.5,7.5,7.5,1.,1.,200.,11.,25.,100.,11.,       669P    756
25.,-2.5,7.5,0.,0.,0.;                                               669P    757
126,1,1,0,0,1,0,0.,0.,0.2,0.2,1.,1.,200.,2.,0.,200.,0.,0.,0.,        671P    758
0.2,0.,0.,0.;                                                        671P    759
126,1,1,0,0,1,0,-0.0999999999999996,-0.0999999999999996,0.,0.,       673P    760
1.,1.,100.,15.,29.,100.,15.,30.,-0.0999999999999996,0.,0.,0.,0.;     673P    761
126,1,1,0,0,1,0,-10.,-10.,0.,0.,1.,1.,100.,15.,30.,200.,15.,30.,     675P    762
-10.,0.,0.,0.,0.;                                                    675P    763
126,1,1,0,0,1,0,0.,0.,0.9,0.9,1.,1.,100.,2.,25.,100.,11.,25.,0.,     677P    764
0.9,0.,0.,0.;                                                        677P    765
126,1,1,0,0,1,0,-0.2,-0.2,0.,0.,1.,1.,100.,0.,12.,100.,2.,12.,       679P    766
-0.2,0.,0.,0.,0.;                                                    679P    767
126,1,1,0,0,1,0,-1.3,-1.3,0.2,0.2,1.,1.,100.,15.,30.,100.,0.,        681P    768
30.,-1.3,0.2,0.,0.,0.;                                               681P    769
126,1,1,0,0,1,0,0.,0.,0.2,0.2,1.,1.,100.,2.,8.,100.,0.,8.,0.,        683P    770
0.2,0.,0.,0.;                                                        683P    771
126,1,1,0,0,1,0,0.,0.,0.2,0.2,1.,1.,99.302775637732,2.,8.,           685P    772
99.302775637732,0.,8.,0.,0.2,0.,0.,0.;                               685P    773
126,1,1,0,0,1,0,0.,0.,0.2,0.2,1.,1.,98.7876968840943,2.,             687P    774
12.1428571428571,98.7876968840943,0.,12.1428571428571,0.,0.2,0.,     687P    775
0.,0.;                                                               687P    776
126,1,1,0,0,1,0,0.,0.,0.2,0.2,1.,1.,99.302775637732,2.,12.,          689P    777
99.302775637732,0.,12.,0.,0.2,0.,0.,0.;                              689P    778
126,1,1,0,0,1,0,0.,0.,0.2,0.2,1.,1.,98.7876968840943,2.,             691P    779
7.85714285714284,98.7876968840943,0.,7.85714285714284,0.,0.2,0.,     691P    780
0.,0.;                                                               691P    781
126,2,2,0,0,0,0,-0.541099525957149,-0.541099525957149,               693P    782
-0.541099525957149,9.86623976961869D-15,9.86623976961869D-15,        693P    783
9.86623976961869D-15,1.,0.963624111659759,1.,199.302775637732,       693P    784
2.,12.2,199.080895559242,2.,12.2,198.890712634822,2.,                693P    785
12.3142857142857,-0.541099525957149,9.86623976961869D-15,0.,0.,      693P    786
0.;                                                                  693P    787
126,1,1,0,0,1,0,0.,0.,0.2,0.2,1.,1.,199.302775637732,2.,12.2,        695P    788
199.302775637732,0.,12.2,0.,0.2,0.,0.,0.;                            695P    789
126,2,2,0,0,0,0,2.02962646689295D-14,2.02962646689295D-14,           697P    790
2.02962646689295D-14,0.541099525957149,0.541099525957149,            697P    791
0.541099525957149,1.,0.963624111659522,1.,198.890712634822,0.,       697P    792
12.3142857142857,199.080895559242,0.,12.2,199.302775637732,0.,       697P    793
12.2,2.02962646689295D-14,0.541099525957149,0.,0.,0.;                697P    794
126,1,1,0,0,1,0,0.,0.,0.2,0.2,1.,1.,198.890712634822,2.,             699P    795
12.3142857142857,198.890712634822,0.,12.3142857142857,0.,0.2,0.,     699P    796
0.,0.;                                                               699P    797
126,6,2,0,0,0,0,-1.54197642309049D-15,-1.54197642309049D-15,         701P    798
-1.54197642309049D-15,1.40793056850136,1.40793056850136,             701P    799
2.81586113700272,2.81586113700272,4.22379170550408,                  701P    800
4.22379170550408,4.22379170550408,1.,0.762281674747334,1.,           701P    801
0.762281674747356,1.,0.762281674747334,1.,198.890712634822,2.,       701P    802
12.3142857142857,196.925676736771,2.,13.4951253290437,               701P    803
195.441839478182,2.,11.7475626645218,193.958002219593,2.,            701P    804
9.99999999999999,195.441839478182,2.,8.25243733547813,               701P    805
196.925676736771,2.,6.50487467095628,198.890712634822,2.,            701P    806
7.68571428571428,-1.54197642309049D-15,4.22379170550408,0.,0.,       701P    807
0.;                                                                  701P    808
126,6,2,0,0,0,0,-4.22379170550408,-4.22379170550408,                 703P    809
-4.22379170550408,-2.81586113700272,-2.81586113700272,               703P    810
-1.40793056850136,-1.40793056850136,1.52293967712641D-15,            703P    811
1.52293967712641D-15,1.52293967712641D-15,1.,0.762281674747334,      703P    812
1.,0.762281674747356,1.,0.762281674747334,1.,198.890712634822,       703P    813
0.,7.68571428571428,196.925676736771,0.,6.50487467095628,            703P    814
195.441839478182,0.,8.25243733547813,193.958002219593,0.,            703P    815
9.99999999999999,195.441839478182,0.,11.7475626645218,               703P    816
196.925676736771,0.,13.4951253290437,198.890712634822,0.,            703P    817
12.3142857142857,-4.22379170550408,1.52293967712641D-15,0.,0.,       703P    818
0.;                                                                  703P    819
126,1,1,0,0,1,0,0.,0.,0.2,0.2,1.,1.,198.890712634822,2.,             705P    820
7.68571428571427,198.890712634822,0.,7.68571428571427,0.,0.2,0.,     705P    821
0.,0.;                                                               705P    822
126,2,2,0,0,0,0,-0.54109952595714,-0.54109952595714,                 707P    823
-0.54109952595714,-3.23681033759132D-15,-3.23681033759132D-15,       707P    824
-3.23681033759132D-15,1.,0.963624111659523,1.,198.890712634822,      707P    825
2.,7.68571428571426,199.080895559242,2.,7.79999999999997,            707P    826
199.302775637732,2.,7.79999999999997,-0.54109952595714,              707P    827
-3.23681033759132D-15,0.,0.,0.;                                      707P    828
126,2,2,0,0,0,0,-3.23681033759132D-15,-3.23681033759132D-15,         709P    829
-3.23681033759132D-15,0.54109952595714,0.54109952595714,             709P    830
0.54109952595714,1.,0.963624111659792,1.,199.302775637732,0.,        709P    831
7.79999999999997,199.080895559242,0.,7.79999999999997,               709P    832
198.890712634822,0.,7.68571428571426,-3.23681033759132D-15,          709P    833
0.54109952595714,0.,0.,0.;                                           709P    834
126,1,1,0,0,1,0,0.,0.,0.2,0.2,1.,1.,199.302775637732,2.,7.8,         711P    835
199.302775637732,0.,7.8,0.,0.2,0.,0.,0.;                             711P    836
126,1,1,0,0,1,0,0.,0.,0.2,0.2,1.,1.,200.,2.,7.8,200.,0.,7.8,0.,      713P    837
0.2,0.,0.,0.;                                                        713P    838
126,1,1,0,0,1,0,3.6802775637732,3.6802775637732,3.75,3.75,1.,1.,     715P    839
199.302775637732,2.,7.8,200.,2.,7.8,3.6802775637732,3.75,0.,0.,      715P    840
0.;                                                                  715P    841
126,1,1,0,0,1,0,-3.75,-3.75,-3.6802775637732,-3.6802775637732,       717P    842
1.,1.,200.,0.,7.8,199.302775637732,0.,7.8,-3.75,                     717P    843
-3.6802775637732,0.,0.,0.;                                           717P    844
126,1,1,0,0,1,0,-0.2,-0.2,0.,0.,1.,1.,200.,0.,12.2,200.,2.,12.2,     719P    845
-0.2,0.,0.,0.,0.;                                                    719P    846
126,1,1,0,0,1,0,3.6454163456598,3.6454163456598,3.7151387818866,     721P    847
3.7151387818866,1.,1.,199.302775637732,0.,12.2,200.,0.,12.2,         721P    848
3.6454163456598,3.7151387818866,0.,0.,0.;                            721P    849
126,1,1,0,0,1,0,-3.7151387818866,-3.7151387818866,                   723P    850
-3.6454163456598,-3.6454163456598,1.,1.,200.,2.,12.2,                723P    851
199.302775637732,2.,12.2,-3.7151387818866,-3.6454163456598,0.,       723P    852
0.,0.;                                                               723P    853
126,1,1,0,0,1,0,1.22,1.22,3.,3.,1.,1.,200.,0.,12.2,200.,0.,30.,      725P    854
1.22,3.,0.,0.,0.;                                                    725P    855
126,1,1,0,0,1,0,0.,0.,10.,10.,1.,1.,200.,0.,30.,100.,0.,30.,0.,      727P    856
10.,0.,0.,0.;                                                        727P    857
126,1,1,0,0,1,0,0.,0.,1.8,1.8,1.,1.,100.,0.,30.,100.,0.,12.,0.,      729P    858
1.8,0.,0.,0.;                                                        729P    859
126,1,1,0,0,1,0,3.26311457627254D-31,3.26311457627254D-31,           731P    860
0.069722436226801,0.069722436226801,1.,1.,100.,0.,12.,               731P    861
99.302775637732,0.,12.,3.26311457627254D-31,0.069722436226801,       731P    862
0.,0.,0.;                                                            731P    863
126,2,2,0,0,0,0,0.,0.,0.,0.541099525957151,0.541099525957151,        733P    864
0.541099525957151,1.,0.963624111659345,1.,98.7876968840943,0.,       733P    865
12.1428571428571,99.0254255396194,0.,12.,99.302775637732,0.,12.,     733P    866
0.,0.541099525957151,0.,0.,0.;                                       733P    867
126,6,2,0,0,0,0,2.05939360167551,2.05939360167551,                   735P    868
2.05939360167551,3.46732417017687,3.46732417017687,                  735P    869
4.87525473867822,4.87525473867822,6.28318530717958,                  735P    870
6.28318530717958,6.28318530717958,1.,0.762281674747331,1.,           735P    871
0.762281674747332,1.,0.762281674747336,1.,98.7876968840943,0.,       735P    872
7.85714285714284,96.9682192007143,0.,6.76377284347804,               735P    873
95.5942958131317,0.,8.38188642173901,94.220372425549,0.,             735P    874
9.99999999999999,95.5942958131317,0.,11.618113578261,                735P    875
96.9682192007143,0.,13.2362271565219,98.7876968840943,0.,            735P    876
12.1428571428571,2.05939360167551,6.28318530717958,0.,0.,0.;         735P    877
126,2,2,0,0,0,0,0.,0.,0.,0.541099525957151,0.541099525957151,        737P    878
0.541099525957151,1.,0.963624111659318,1.,99.302775637732,0.,        737P    879
7.99999999999997,99.0254255396194,0.,7.99999999999997,               737P    880
98.7876968840943,0.,7.85714285714283,0.,0.541099525957151,0.,0.,     737P    881
0.;                                                                  737P    882
126,1,1,0,0,1,0,-0.0697224362268011,-0.0697224362268011,0.,0.,       739P    883
1.,1.,99.302775637732,0.,8.,100.,0.,8.,-0.0697224362268011,0.,       739P    884
0.,0.,0.;                                                            739P    885
126,1,1,0,0,1,0,2.2,2.2,3.,3.,1.,1.,100.,0.,8.,100.,0.,0.,2.2,       741P    886
3.,0.,0.,0.;                                                         741P    887
126,1,1,0,0,1,0,0.,0.,2.3,2.3,1.,1.,100.,0.,0.,123.,0.,0.,0.,        743P    888
2.3,0.,0.,0.;                                                        743P    889
126,1,1,0,0,1,0,0.,0.,0.0697224362268011,0.0697224362268011,1.,      745P    890
1.,123.,0.,0.,123.,0.,-0.697224362268011,0.,0.0697224362268011,      745P    891
0.,0.,0.;                                                            745P    892
126,2,2,0,0,0,0,0.,0.,0.,0.541099525957151,0.541099525957151,        747P    893
0.541099525957151,1.,0.963624111658702,1.,123.,0.,                   747P    894
-0.697224362268011,123.,0.,-0.974574460380625,122.857142857143,      747P    895
0.,-1.21230311590572,0.,0.541099525957151,0.,0.,0.;                  747P    896
126,6,2,0,0,0,0,2.05939360167551,2.05939360167551,                   749P    897
2.05939360167551,3.46732417017687,3.46732417017687,                  749P    898
4.87525473867823,4.87525473867823,6.28318530717959,                  749P    899
6.28318530717959,6.28318530717959,1.,0.762281674747312,1.,           749P    900
0.762281674747328,1.,0.762281674747313,1.,122.857142857143,0.,       749P    901
-1.21230311590572,121.763772843478,0.,-3.03178079928568,             749P    902
123.381886421739,0.,-4.40570418686832,125.,0.,-5.77962757445096,     749P    903
126.618113578261,0.,-4.40570418686832,128.236227156522,0.,           749P    904
-3.03178079928568,127.142857142857,0.,-1.21230311590572,             749P    905
2.05939360167551,6.28318530717959,0.,0.,0.;                          749P    906
126,2,2,0,0,0,0,0.,0.,0.,0.541099525957151,0.541099525957151,        751P    907
0.541099525957151,1.,0.963624111659124,1.,127.142857142857,0.,       751P    908
-1.21230311590572,127.,0.,-0.974574460380596,127.,0.,                751P    909
-0.697224362268011,0.,0.541099525957151,0.,0.,0.;                    751P    910
126,1,1,0,0,1,0,-0.069722436226801,-0.069722436226801,0.,0.,1.,      753P    911
1.,127.,0.,-0.697224362268011,127.,0.,0.,-0.069722436226801,0.,      753P    912
0.,0.,0.;                                                            753P    913
126,1,1,0,0,1,0,2.7,2.7,7.3,7.3,1.,1.,127.,0.,0.,173.,0.,0.,2.7,     755P    914
7.3,0.,0.,0.;                                                        755P    915
126,1,1,0,0,1,0,0.,0.,0.0697224362268011,0.0697224362268011,1.,      757P    916
1.,173.,0.,0.,173.,0.,-0.697224362268011,0.,0.0697224362268011,      757P    917
0.,0.,0.;                                                            757P    918
126,2,2,0,0,0,0,0.,0.,0.,0.541099525957151,0.541099525957151,        759P    919
0.541099525957151,1.,0.963624111659164,1.,173.,0.,                   759P    920
-0.697224362268011,173.,0.,-0.974574460380655,172.857142857143,      759P    921
0.,-1.21230311590572,0.,0.541099525957151,0.,0.,0.;                  759P    922
126,6,2,0,0,0,0,2.05939360167551,2.05939360167551,                   761P    923
2.05939360167551,3.46732417017687,3.46732417017687,                  761P    924
4.87525473867823,4.87525473867823,6.28318530717959,                  761P    925
6.28318530717959,6.28318530717959,1.,0.762281674747325,1.,           761P    926
0.762281674747343,1.,0.762281674747325,1.,172.857142857143,0.,       761P    927
-1.21230311590572,171.763772843478,0.,-3.03178079928567,             761P    928
173.381886421739,0.,-4.40570418686832,175.,0.,-5.77962757445095,     761P    929
176.618113578261,0.,-4.40570418686832,178.236227156522,0.,           761P    930
-3.03178079928567,177.142857142857,0.,-1.21230311590572,             761P    931
2.05939360167551,6.28318530717959,0.,0.,0.;                          761P    932
126,2,2,0,0,0,0,0.,0.,0.,0.541099525957151,0.541099525957151,        763P    933
0.541099525957151,1.,0.963624111659157,1.,177.142857142857,0.,       763P    934
-1.21230311590572,177.,0.,-0.974574460380655,177.,0.,                763P    935
-0.697224362268011,0.,0.541099525957151,0.,0.,0.;                    763P    936
126,1,1,0,0,1,0,-0.069722436226801,-0.069722436226801,0.,0.,1.,      765P    937
1.,177.,0.,-0.697224362268011,177.,0.,0.,-0.069722436226801,0.,      765P    938
0.,0.,0.;                                                            765P    939
126,1,1,0,0,1,0,7.7,7.7,10.,10.,1.,1.,177.,0.,0.,200.,0.,0.,7.7,     767P    940
10.,0.,0.,0.;                                                        767P    941
126,1,1,0,0,1,0,0.,0.,0.78,0.78,1.,1.,200.,0.,0.,200.,0.,7.8,0.,     769P    942
0.78,0.,0.,0.;                                                       769P    943
126,1,1,0,0,1,0,1.22,1.22,2.5,2.5,1.,1.,200.,2.,12.2,200.,2.,        771P    944
25.,1.22,2.5,0.,0.,0.;                                               771P    945
126,1,1,0,0,1,0,0.,0.,0.9,0.9,1.,1.,200.,2.,25.,200.,11.,25.,0.,     773P    946
0.9,0.,0.,0.;                                                        773P    947
126,2,2,0,0,0,0,-0.785398163397449,-0.785398163397449,               775P    948
-0.785398163397449,0.785398163397448,0.785398163397448,              775P    949
0.785398163397448,1.,0.707106781186547,1.,200.,15.,29.,200.,15.,     775P    950
25.,200.,11.,25.,-0.785398163397449,0.785398163397448,0.,0.,0.;      775P    951
126,1,1,0,0,1,0,-3.,-3.,-2.9,-2.9,1.,1.,200.,15.,30.,200.,15.,       777P    952
29.,-3.,-2.9,0.,0.,0.;                                               777P    953
126,1,1,0,0,1,0,-0.2,-0.2,1.3,1.3,1.,1.,200.,0.,30.,200.,15.,        779P    954
30.,-0.2,1.3,0.,0.,0.;                                               779P    955
126,2,2,0,0,0,0,5.49778714378214,5.49778714378214,                   781P    956
5.49778714378214,7.06858347057704,7.06858347057704,                  781P    957
7.06858347057704,1.,0.707106781186547,1.,100.,11.,25.,100.,15.,      781P    958
25.,100.,15.,29.,5.49778714378214,7.06858347057704,0.,0.,0.;         781P    959
126,1,1,0,0,1,0,-7.5,-7.5,2.5,2.5,1.,1.,100.,15.,29.,200.,15.,       783P    960
29.,-7.5,2.5,0.,0.,0.;                                               783P    961
126,1,1,0,0,1,0,-2.5,-2.5,7.5,7.5,1.,1.,200.,11.,25.,100.,11.,       785P    962
25.,-2.5,7.5,0.,0.,0.;                                               785P    963
126,1,1,0,0,1,0,0.,0.,0.2,0.2,1.,1.,200.,2.,0.,200.,0.,0.,0.,        787P    964
0.2,0.,0.,0.;                                                        787P    965
126,1,1,0,0,1,0,0.,0.,0.78,0.78,1.,1.,200.,2.,0.,200.,2.,7.8,0.,     789P    966
0.78,0.,0.,0.;                                                       789P    967
126,1,1,0,0,1,0,-0.0999999999999996,-0.0999999999999996,0.,0.,       791P    968
1.,1.,100.,15.,29.,100.,15.,30.,-0.0999999999999996,0.,0.,0.,0.;     791P    969
126,1,1,0,0,1,0,-10.,-10.,0.,0.,1.,1.,100.,15.,30.,200.,15.,30.,     793P    970
-10.,0.,0.,0.,0.;                                                    793P    971
126,1,1,0,0,1,0,-6.25,-6.25,3.75,3.75,1.,1.,100.,2.,25.,200.,2.,     795P    972
25.,-6.25,3.75,0.,0.,0.;                                             795P    973
126,1,1,0,0,1,0,0.,0.,0.9,0.9,1.,1.,100.,2.,25.,100.,11.,25.,0.,     797P    974
0.9,0.,0.,0.;                                                        797P    975
126,1,1,0,0,1,0,0.5,0.5,1.8,1.8,1.,1.,100.,2.,25.,100.,2.,12.,       799P    976
0.5,1.8,0.,0.,0.;                                                    799P    977
126,1,1,0,0,1,0,-0.2,-0.2,0.,0.,1.,1.,100.,0.,12.,100.,2.,12.,       801P    978
-0.2,0.,0.,0.,0.;                                                    801P    979
126,1,1,0,0,1,0,-1.3,-1.3,0.2,0.2,1.,1.,100.,15.,30.,100.,0.,        803P    980
30.,-1.3,0.2,0.,0.,0.;                                               803P    981
126,1,1,0,0,1,0,-0.15,-0.15,0.05,0.05,1.,1.,177.,0.,0.,177.,2.,      805P    982
0.,-0.15,0.05,0.,0.,0.;                                              805P    983
126,1,1,0,0,1,0,7.7,7.7,10.,10.,1.,1.,177.,2.,0.,200.,2.,0.,7.7,     807P    984
10.,0.,0.,0.;                                                        807P    985
126,1,1,0,0,1,0,-0.15,-0.15,0.05,0.05,1.,1.,127.,0.,0.,127.,2.,      809P    986
0.,-0.15,0.05,0.,0.,0.;                                              809P    987
126,1,1,0,0,1,0,2.7,2.7,7.3,7.3,1.,1.,127.,2.,0.,173.,2.,0.,2.7,     811P    988
7.3,0.,0.,0.;                                                        811P    989
126,1,1,0,0,1,0,-0.05,-0.05,0.15,0.15,1.,1.,173.,2.,0.,173.,0.,      813P    990
0.,-0.05,0.15,0.,0.,0.;                                              813P    991
126,1,1,0,0,1,0,-0.05,-0.05,0.15,0.15,1.,1.,123.,2.,0.,123.,0.,      815P    992
0.,-0.05,0.15,0.,0.,0.;                                              815P    993
126,1,1,0,0,1,0,0.,0.,0.2,0.2,1.,1.,100.,2.,0.,100.,0.,0.,0.,        817P    994
0.2,0.,0.,0.;                                                        817P    995
126,1,1,0,0,1,0,0.,0.,2.3,2.3,1.,1.,100.,2.,0.,123.,2.,0.,0.,        819P    996
2.3,0.,0.,0.;                                                        819P    997
126,1,1,0,0,1,0,0.,0.,0.2,0.2,1.,1.,100.,2.,8.,100.,0.,8.,0.,        821P    998
0.2,0.,0.,0.;                                                        821P    999
126,1,1,0,0,1,0,2.2,2.2,3.,3.,1.,1.,100.,2.,8.,100.,2.,0.,2.2,       823P   1000
3.,0.,0.,0.;                                                         823P   1001
126,1,1,0,0,1,0,0.,0.,0.2,0.2,1.,1.,99.302775637732,2.,8.,           825P   1002
99.302775637732,0.,8.,0.,0.2,0.,0.,0.;                               825P   1003
126,1,1,0,0,1,0,-0.0697224362268011,-0.0697224362268011,0.,0.,       827P   1004
1.,1.,99.302775637732,2.,8.,100.,2.,8.,-0.0697224362268011,0.,       827P   1005
0.,0.,0.;                                                            827P   1006
126,2,2,0,0,0,0,0.,0.,0.,0.541099525957151,0.541099525957151,        829P   1007
0.541099525957151,1.,0.963624111659345,1.,98.7876968840943,2.,       829P   1008
12.1428571428571,99.0254255396194,2.,12.,99.302775637732,2.,12.,     829P   1009
0.,0.541099525957151,0.,0.,0.;                                       829P   1010
126,1,1,0,0,1,0,0.,0.,0.2,0.2,1.,1.,98.7876968840943,2.,             831P   1011
12.1428571428571,98.7876968840943,0.,12.1428571428571,0.,0.2,0.,     831P   1012
0.,0.;                                                               831P   1013
126,1,1,0,0,1,0,0.,0.,0.2,0.2,1.,1.,99.302775637732,2.,12.,          833P   1014
99.302775637732,0.,12.,0.,0.2,0.,0.,0.;                              833P   1015
126,6,2,0,0,0,0,0.,0.,0.,1.40793056850136,1.40793056850136,          835P   1016
2.81586113700272,2.81586113700272,4.22379170550408,                  835P   1017
4.22379170550408,4.22379170550408,1.,0.762281674747334,1.,           835P   1018
0.762281674747332,1.,0.762281674747334,1.,98.7876968840943,2.,       835P   1019
12.1428571428571,96.9682192007143,2.,13.2362271565219,               835P   1020
95.5942958131317,2.,11.618113578261,94.220372425549,2.,              835P   1021
9.99999999999999,95.5942958131317,2.,8.38188642173901,               835P   1022
96.9682192007143,2.,6.76377284347804,98.7876968840943,2.,            835P   1023
7.85714285714285,0.,4.22379170550408,0.,0.,0.;                       835P   1024
126,1,1,0,0,1,0,0.,0.,0.2,0.2,1.,1.,98.7876968840943,2.,             837P   1025
7.85714285714284,98.7876968840943,0.,7.85714285714284,0.,0.2,0.,     837P   1026
0.,0.;                                                               837P   1027
126,2,2,0,0,0,0,0.,0.,0.,0.541099525957151,0.541099525957151,        839P   1028
0.541099525957151,1.,0.963624111659318,1.,99.302775637732,2.,        839P   1029
7.99999999999997,99.0254255396194,2.,7.99999999999997,               839P   1030
98.7876968840943,2.,7.85714285714283,0.,0.541099525957151,0.,0.,     839P   1031
0.;                                                                  839P   1032
126,1,1,0,0,1,0,-0.069722436226801,-0.069722436226801,0.,0.,1.,      841P   1033
1.,99.302775637732,2.,12.,100.,2.,12.,-0.069722436226801,0.,0.,      841P   1034
0.,0.;                                                               841P   1035
126,2,2,0,0,0,0,0.,0.,0.,0.541099525957151,0.541099525957151,        843P   1036
0.541099525957151,1.,0.963624111659157,1.,177.142857142857,2.,       843P   1037
-1.21230311590572,177.,2.,-0.974574460380655,177.,2.,                843P   1038
-0.697224362268011,0.,0.541099525957151,0.,0.,0.;                    843P   1039
126,1,1,0,0,1,0,0.,0.,0.2,0.2,1.,1.,177.,2.,-0.697224362268011,      845P   1040
177.,0.,-0.697224362268011,0.,0.2,0.,0.,0.;                          845P   1041
126,1,1,0,0,1,0,0.,0.,0.2,0.2,1.,1.,177.142857142857,2.,             847P   1042
-1.21230311590572,177.142857142857,0.,-1.21230311590572,0.,0.2,      847P   1043
0.,0.,0.;                                                            847P   1044
126,6,2,0,0,0,0,0.,0.,0.,1.40793056850136,1.40793056850136,          849P   1045
2.81586113700272,2.81586113700272,4.22379170550408,                  849P   1046
4.22379170550408,4.22379170550408,1.,0.762281674747326,1.,           849P   1047
0.762281674747344,1.,0.762281674747325,1.,177.142857142857,2.,       849P   1048
-1.21230311590572,178.236227156522,2.,-3.03178079928567,             849P   1049
176.618113578261,2.,-4.40570418686832,175.,2.,-5.77962757445095,     849P   1050
173.381886421739,2.,-4.40570418686832,171.763772843478,2.,           849P   1051
-3.03178079928567,172.857142857143,2.,-1.21230311590572,0.,          849P   1052
4.22379170550408,0.,0.,0.;                                           849P   1053
126,1,1,0,0,1,0,0.,0.,0.2,0.2,1.,1.,172.857142857143,2.,             851P   1054
-1.21230311590572,172.857142857143,0.,-1.21230311590572,0.,0.2,      851P   1055
0.,0.,0.;                                                            851P   1056
126,2,2,0,0,0,0,0.,0.,0.,0.541099525957151,0.541099525957151,        853P   1057
0.541099525957151,1.,0.963624111659164,1.,173.,2.,                   853P   1058
-0.697224362268011,173.,2.,-0.974574460380655,172.857142857143,      853P   1059
2.,-1.21230311590572,0.,0.541099525957151,0.,0.,0.;                  853P   1060
126,1,1,0,0,1,0,0.,0.,0.2,0.2,1.,1.,173.,2.,-0.697224362268011,      855P   1061
173.,0.,-0.697224362268011,0.,0.2,0.,0.,0.;                          855P   1062
126,1,1,0,0,1,0,0.,0.,0.0697224362268011,0.0697224362268011,1.,      857P   1063
1.,173.,2.,0.,173.,2.,-0.697224362268011,0.,0.0697224362268011,      857P   1064
0.,0.,0.;                                                            857P   1065
126,1,1,0,0,1,0,0.,0.,0.069722436226801,0.069722436226801,1.,1.,     859P   1066
177.,2.,0.,177.,2.,-0.697224362268011,0.,0.069722436226801,0.,       859P   1067
0.,0.;                                                               859P   1068
126,1,1,0,0,1,0,0.,0.,0.069722436226801,0.069722436226801,1.,1.,     861P   1069
127.,2.,0.,127.,2.,-0.697224362268011,0.,0.069722436226801,0.,       861P   1070
0.,0.;                                                               861P   1071
126,2,2,0,0,0,0,0.,0.,0.,0.541099525957151,0.541099525957151,        863P   1072
0.541099525957151,1.,0.963624111659124,1.,127.142857142857,2.,       863P   1073
-1.21230311590572,127.,2.,-0.974574460380596,127.,2.,                863P   1074
-0.697224362268011,0.,0.541099525957151,0.,0.,0.;                    863P   1075
126,6,2,0,0,0,0,0.,0.,0.,1.40793056850136,1.40793056850136,          865P   1076
2.81586113700272,2.81586113700272,4.22379170550408,                  865P   1077
4.22379170550408,4.22379170550408,1.,0.762281674747313,1.,           865P   1078
0.762281674747328,1.,0.762281674747312,1.,127.142857142857,2.,       865P   1079
-1.21230311590572,128.236227156522,2.,-3.03178079928568,             865P   1080
126.618113578261,2.,-4.40570418686832,125.,2.,-5.77962757445096,     865P   1081
123.381886421739,2.,-4.40570418686832,121.763772843478,2.,           865P   1082
-3.03178079928568,122.857142857143,2.,-1.21230311590572,0.,          865P   1083
4.22379170550408,0.,0.,0.;                                           865P   1084
126,2,2,0,0,0,0,0.,0.,0.,0.541099525957151,0.541099525957151,        867P   1085
0.541099525957151,1.,0.963624111658702,1.,123.,2.,                   867P   1086
-0.697224362268011,123.,2.,-0.974574460380625,122.857142857143,      867P   1087
2.,-1.21230311590572,0.,0.541099525957151,0.,0.,0.;                  867P   1088
126,1,1,0,0,1,0,0.,0.,0.0697224362268011,0.0697224362268011,1.,      869P   1089
1.,123.,2.,0.,123.,2.,-0.697224362268011,0.,0.0697224362268011,      869P   1090
0.,0.,0.;                                                            869P   1091
126,1,1,0,0,1,0,0.,0.,0.2,0.2,1.,1.,127.,2.,-0.697224362268011,      871P   1092
127.,0.,-0.697224362268011,0.,0.2,0.,0.,0.;                          871P   1093
126,1,1,0,0,1,0,0.,0.,0.2,0.2,1.,1.,127.142857142857,2.,             873P   1094
-1.21230311590572,127.142857142857,0.,-1.21230311590572,0.,0.2,      873P   1095
0.,0.,0.;                                                            873P   1096
126,1,1,0,0,1,0,0.,0.,0.2,0.2,1.,1.,122.857142857143,2.,             875P   1097
-1.21230311590572,122.857142857143,0.,-1.21230311590572,0.,0.2,      875P   1098
0.,0.,0.;                                                            875P   1099
126,1,1,0,0,1,0,0.,0.,0.2,0.2,1.,1.,123.,2.,-0.697224362268011,      877P   1100
123.,0.,-0.697224362268011,0.,0.2,0.,0.,0.;                          877P   1101
128,1,1,1,1,0,0,1,0,0,-0.070722436226801,-0.070722436226801,         879P   1102
0.001,0.001,-0.001,-0.001,0.201,0.201,1.,1.,1.,1.,207.8,2.01,        879P   1103
-0.01,207.8,2.01,0.70722436226801,207.8,-0.01,-0.01,207.8,-0.01,     879P   1104
0.70722436226801,-0.070722436226801,0.001,-0.001,0.201;              879P   1105
128,1,2,1,2,0,0,0,0,0,0.,0.,2.00000000000002,2.00000000000002,       881P   1106
-0.541099525957149,-0.541099525957149,-0.541099525957149,            881P   1107
3.12250225675839D-14,3.12250225675839D-14,3.12250225675839D-14,      881P   1108
1.,1.,0.963624111659427,0.963624111659427,1.,1.,212.2,2.,            881P   1109
0.697224362268009,212.2,0.,0.697224362268009,212.2,2.,               881P   1110
0.919104440758099,212.2,0.,0.919104440758099,212.314285714286,       881P   1111
2.,1.10928736517818,212.314285714286,0.,1.10928736517818,0.,         881P   1112
2.00000000000002,-0.541099525957149,3.12250225675839D-14;            881P   1113
128,1,6,1,2,0,0,0,0,0,0.,0.,0.8,0.8,2.05939360167551,                883P   1114
2.05939360167551,2.05939360167551,3.46732417017687,                  883P   1115
3.46732417017687,4.87525473867822,4.87525473867822,                  883P   1116
6.28318530717958,6.28318530717958,6.28318530717958,1.,1.,            883P   1117
0.76228167474733,0.76228167474733,1.,1.,0.76228167474733,            883P   1118
0.76228167474733,1.,1.,0.76228167474733,0.76228167474733,1.,1.,      883P   1119
207.685714285714,0.,1.10928736517818,207.685714285714,2.,            883P   1120
1.10928736517818,206.504874670956,0.,3.07432326322854,               883P   1121
206.504874670956,2.,3.07432326322854,208.252437335478,0.,            883P   1122
4.5581605218178,208.252437335478,2.,4.5581605218178,210.,0.,         883P   1123
6.04199778040705,210.,2.,6.04199778040705,211.747562664522,0.,       883P   1124
4.5581605218178,211.747562664522,2.,4.5581605218178,                 883P   1125
213.495125329044,0.,3.07432326322855,213.495125329044,2.,            883P   1126
3.07432326322855,212.314285714286,0.,1.10928736517818,               883P   1127
212.314285714286,2.,1.10928736517818,0.,0.8,2.05939360167551,        883P   1128
6.28318530717958;                                                    883P   1129
128,1,2,1,2,0,0,0,0,0,0.,0.,2.00000000000002,2.00000000000002,       885P   1130
-0.54109952595716,-0.54109952595716,-0.54109952595716,               885P   1131
-3.17557799763395D-15,-3.17557799763395D-15,                         885P   1132
-3.17557799763395D-15,1.,1.,0.96362411165943,0.96362411165943,       885P   1133
1.,1.,207.685714285714,2.,1.10928736517818,207.685714285714,0.,      885P   1134
1.10928736517818,207.8,2.,0.9191044407581,207.8,0.,                  885P   1135
0.9191044407581,207.8,2.,0.697224362268007,207.8,0.,                 885P   1136
0.697224362268007,0.,2.00000000000002,-0.54109952595716,             885P   1137
-3.17557799763395D-15;                                               885P   1138
128,1,1,1,1,0,0,1,0,0,0.068722436226801,0.068722436226801,           887P   1139
0.140444872453602,0.140444872453602,-0.001,-0.001,0.201,0.201,       887P   1140
1.,1.,1.,1.,212.2,2.01,0.70722436226801,212.2,2.01,-0.01,212.2,      887P   1141
-0.01,0.70722436226801,212.2,-0.01,-0.01,0.068722436226801,          887P   1142
0.140444872453602,-0.001,0.201;                                      887P   1143
128,1,1,1,1,0,0,1,0,0,-1.501,-1.501,1.501,1.501,                     889P   1144
-2.0789627574451,-2.0789627574451,1.501,1.501,1.,1.,1.,1.,           889P   1145
194.210372425549,0.,30.01,194.210372425549,0.,                       889P   1146
-0.0099999999999989,230.01,0.,30.01,230.01,0.,                       889P   1147
-0.0099999999999989,-1.501,1.501,-2.0789627574451,1.501;             889P   1148
128,1,1,1,1,0,0,1,0,0,1.219,1.219,3.001,3.001,-1.301,-1.301,         891P   1149
0.201,0.201,1.,1.,1.,1.,212.19,15.01,0.,230.01,15.01,0.,212.19,      891P   1150
-0.01,0.,230.01,-0.0100000000000011,0.,1.219,3.001,-1.301,0.201;     891P   1151
128,1,1,1,1,0,0,1,0,0,-0.001,-0.001,0.781000000000001,               893P   1152
0.781000000000001,-0.001,-0.001,0.201,0.201,1.,1.,1.,1.,199.99,      893P   1153
2.01,0.,207.81,2.01,0.,199.99,-0.01,0.,207.81,-0.01,0.,-0.001,       893P   1154
0.781000000000001,-0.001,0.201;                                      893P   1155
128,1,1,1,1,0,0,1,0,0,-0.070722436226801,-0.070722436226801,         895P   1156
0.001,0.001,-0.001,-0.001,0.201,0.201,1.,1.,1.,1.,                   895P   1157
199.292775637732,2.01,8.,200.01,2.01,8.,199.292775637732,-0.01,      895P   1158
8.,200.01,-0.01,8.,-0.070722436226801,0.001,-0.001,0.201;            895P   1159
128,1,2,1,2,0,0,0,0,0,0.,0.,2.00000000000002,2.00000000000002,       897P   1160
-0.541099525957149,-0.541099525957149,-0.541099525957149,            897P   1161
2.01921812603707D-14,2.01921812603707D-14,2.01921812603707D-14,      897P   1162
1.,1.,0.963624111659428,0.963624111659428,1.,1.,                     897P   1163
199.302775637732,0.,12.,199.302775637732,2.,12.,                     897P   1164
199.025425539619,0.,12.,199.025425539619,2.,12.,                     897P   1165
198.787696884094,0.,12.1428571428571,198.787696884094,2.,            897P   1166
12.1428571428571,0.,2.00000000000002,-0.541099525957149,             897P   1167
2.01921812603707D-14;                                                897P   1168
128,1,6,1,2,0,0,0,0,0,0.,0.,0.8,0.8,2.05939360167551,                899P   1169
2.05939360167551,2.05939360167551,3.46732417017687,                  899P   1170
3.46732417017687,4.87525473867822,4.87525473867822,                  899P   1171
6.28318530717958,6.28318530717958,6.28318530717958,1.,1.,            899P   1172
0.762281674747329,0.762281674747329,1.,1.,0.762281674747329,         899P   1173
0.762281674747329,1.,1.,0.762281674747329,0.762281674747329,1.,      899P   1174
1.,198.787696884094,2.,7.85714285714285,198.787696884094,0.,         899P   1175
7.85714285714285,196.968219200714,2.,6.76377284347804,               899P   1176
196.968219200714,0.,6.76377284347804,195.594295813132,2.,            899P   1177
8.38188642173901,195.594295813132,0.,8.38188642173901,               899P   1178
194.220372425549,2.,9.99999999999998,194.220372425549,0.,            899P   1179
9.99999999999998,195.594295813132,2.,11.618113578261,                899P   1180
195.594295813132,0.,11.618113578261,196.968219200714,2.,             899P   1181
13.2362271565219,196.968219200714,0.,13.2362271565219,               899P   1182
198.787696884094,2.,12.1428571428571,198.787696884094,0.,            899P   1183
12.1428571428571,0.,0.8,2.05939360167551,6.28318530717958;           899P   1184
128,1,2,1,2,0,0,0,0,0,0.,0.,2.00000000000002,2.00000000000002,       901P   1185
-0.54109952595716,-0.54109952595716,-0.54109952595716,               901P   1186
-3.23681033759132D-15,-3.23681033759132D-15,                         901P   1187
-3.23681033759132D-15,1.,1.,0.96362411165943,0.96362411165943,       901P   1188
1.,1.,198.787696884094,0.,7.85714285714282,198.787696884094,2.,      901P   1189
7.85714285714282,199.025425539619,0.,7.99999999999997,               901P   1190
199.025425539619,2.,7.99999999999997,199.302775637732,0.,            901P   1191
7.99999999999997,199.302775637732,2.,7.99999999999997,0.,            901P   1192
2.00000000000002,-0.54109952595716,-3.23681033759132D-15;            901P   1193
128,1,1,1,1,0,0,1,0,0,0.068722436226801,0.068722436226801,           903P   1194
0.140444872453602,0.140444872453602,-0.001,-0.001,0.201,0.201,       903P   1195
1.,1.,1.,1.,200.01,2.01,12.,199.292775637732,2.01,12.,200.01,        903P   1196
-0.01,12.,199.292775637732,-0.01,12.,0.068722436226801,              903P   1197
0.140444872453602,-0.001,0.201;                                      903P   1198
128,1,1,1,1,0,0,1,0,0,-1.001,-1.001,2.0789627574451,                 905P   1199
2.0789627574451,-1.501,-1.501,1.001,1.001,1.,1.,1.,1.,225.01,2.,     905P   1200
-0.0099999999999989,194.210372425549,2.,-0.0099999999999989,         905P   1201
225.01,2.,25.01,194.210372425549,2.,25.01,-1.001,                    905P   1202
2.0789627574451,-1.501,1.001;                                        905P   1203
128,1,1,1,1,0,0,1,0,0,-0.001,-0.001,1.801,1.801,-1.301,-1.301,       907P   1204
0.201,0.201,1.,1.,1.,1.,200.,15.01,30.01,200.,15.01,11.99,200.,      907P   1205
-0.01,30.01,200.,-0.0099999999999989,11.99,-0.001,1.801,-1.301,      907P   1206
0.201;                                                               907P   1207
128,1,2,1,2,0,0,0,0,0,-2.25,-2.25,5.,5.,-0.785398163397448,          909P   1208
-0.785398163397448,-0.785398163397448,0.78539816339745,              909P   1209
0.78539816339745,0.78539816339745,1.,1.,0.707106781186547,           909P   1210
0.707106781186547,1.,1.,200.,15.,29.,229.,15.,29.,200.,15.,25.,      909P   1211
229.,15.,25.,200.,11.,25.,229.,11.,25.,-2.25,5.,                     909P   1212
-0.785398163397448,0.78539816339745;                                 909P   1213
128,1,2,1,2,0,0,0,0,0,-1.875,-1.875,5.375,5.375,                     911P   1214
-0.785398163397447,-0.785398163397447,-0.785398163397447,            911P   1215
0.78539816339745,0.78539816339745,0.78539816339745,1.,1.,            911P   1216
0.707106781186548,0.707106781186548,1.,1.,229.,15.,29.,229.,15.,     911P   1217
0.,225.,15.,29.,225.,15.,0.,225.,11.,29.,225.,11.,0.,-1.875,         911P   1218
5.375,-0.785398163397447,0.78539816339745;                           911P   1219
128,1,1,1,1,0,0,1,0,0,-1.501,-1.501,1.501,1.501,-1.501,-1.501,       913P   1220
1.501,1.501,1.,1.,1.,1.,199.99,15.,-0.0099999999999989,199.99,       913P   1221
15.,30.01,230.01,15.,-0.0099999999999989,230.01,15.,30.01,           913P   1222
-1.501,1.501,-1.501,1.501;                                           913P   1223
128,1,1,1,1,0,0,1,0,0,-0.001,-0.001,2.501,2.501,-0.001,-0.001,       915P   1224
0.901,0.901,1.,1.,1.,1.,225.,1.99,-0.01,225.,1.99,25.01,225.,        915P   1225
11.01,-0.01,225.,11.01,25.01,-0.001,2.501,-0.001,0.901;              915P   1226
128,1,1,1,1,0,0,1,0,0,-0.001,-0.001,2.501,2.501,-0.001,-0.001,       917P   1227
0.901,0.901,1.,1.,1.,1.,225.01,1.99,25.,199.99,1.99,25.,225.01,      917P   1228
11.01,25.,199.99,11.01,25.,-0.001,2.501,-0.001,0.901;                917P   1229
128,1,1,1,1,0,0,1,0,0,-0.001,-0.001,3.001,3.001,-1.301,-1.301,       919P   1230
0.201,0.201,1.,1.,1.,1.,230.,15.01,-0.01,230.,15.01,30.01,230.,      919P   1231
-0.01,-0.01,230.,-0.0099999999999989,30.01,-0.001,3.001,-1.301,      919P   1232
0.201;                                                               919P   1233
128,1,1,1,1,0,0,1,0,0,2.199,2.199,3.001,3.001,-0.001,-0.001,         921P   1234
0.201,0.201,1.,1.,1.,1.,200.,2.01,8.01,200.,2.01,                    921P   1235
-0.0099999999999989,200.,-0.01,8.01,200.,-0.01,                      921P   1236
-0.0099999999999989,2.199,3.001,-0.001,0.201;                        921P   1237
128,1,1,1,1,0,0,1,0,0,-0.001,-0.001,3.001,3.001,-1.301,-1.301,       923P   1238
0.201,0.201,1.,1.,1.,1.,230.01,15.01,30.,199.99,15.01,30.,           923P   1239
230.01,-0.01,30.,199.99,-0.0099999999999989,30.,-0.001,3.001,        923P   1240
-1.301,0.201;                                                        923P   1241
128,1,1,1,1,0,0,1,0,0,-0.0707224362268011,-0.0707224362268011,       925P   1242
0.001,0.001,-0.001,-0.001,0.201,0.201,1.,1.,1.,1.,122.8,2.01,        925P   1243
-0.01,122.8,2.01,0.707224362268011,122.8,-0.01,-0.01,122.8,          925P   1244
-0.01,0.707224362268011,-0.0707224362268011,0.001,-0.001,0.201;      925P   1245
128,1,2,1,2,0,0,0,0,0,0.,0.,2.00000000000002,2.00000000000002,       927P   1246
-0.541099525957151,-0.541099525957151,-0.541099525957151,            927P   1247
1.11889664200508D-14,1.11889664200508D-14,1.11889664200508D-14,      927P   1248
1.,1.,0.963624111659429,0.963624111659429,1.,1.,127.2,2.,            927P   1249
0.697224362268009,127.2,0.,0.697224362268009,127.2,2.,               927P   1250
0.919104440758101,127.2,0.,0.919104440758101,127.314285714286,       927P   1251
2.,1.10928736517818,127.314285714286,0.,1.10928736517818,0.,         927P   1252
2.00000000000002,-0.541099525957151,1.11889664200508D-14;            927P   1253
128,1,6,1,2,0,0,0,0,0,0.,0.,0.8,0.8,2.05939360167551,                929P   1254
2.05939360167551,2.05939360167551,3.46732417017687,                  929P   1255
3.46732417017687,4.87525473867823,4.87525473867823,                  929P   1256
6.28318530717959,6.28318530717959,6.28318530717959,1.,1.,            929P   1257
0.762281674747329,0.762281674747329,1.,1.,0.762281674747329,         929P   1258
0.762281674747329,1.,1.,0.762281674747329,0.762281674747329,1.,      929P   1259
1.,122.685714285714,0.,1.10928736517818,122.685714285714,2.,         929P   1260
1.10928736517818,121.504874670956,0.,3.07432326322854,               929P   1261
121.504874670956,2.,3.07432326322854,123.252437335478,0.,            929P   1262
4.55816052181779,123.252437335478,2.,4.55816052181779,125.,0.,       929P   1263
6.04199778040703,125.,2.,6.04199778040703,126.747562664522,0.,       929P   1264
4.55816052181779,126.747562664522,2.,4.55816052181779,               929P   1265
128.495125329044,0.,3.07432326322853,128.495125329044,2.,            929P   1266
3.07432326322853,127.314285714286,0.,1.10928736517818,               929P   1267
127.314285714286,2.,1.10928736517818,0.,0.8,2.05939360167551,        929P   1268
6.28318530717959;                                                    929P   1269
128,1,2,1,2,0,0,0,0,0,0.,0.,2.00000000000002,2.00000000000002,       931P   1270
-0.541099525957162,-0.541099525957162,-0.541099525957162,            931P   1271
7.63278329429839D-16,7.63278329429839D-16,7.63278329429839D-16,      931P   1272
1.,1.,0.963624111659429,0.963624111659429,1.,1.,                     931P   1273
122.685714285714,2.,1.10928736517818,122.685714285714,0.,            931P   1274
1.10928736517818,122.8,2.,0.919104440758106,122.8,0.,                931P   1275
0.919104440758106,122.8,2.,0.697224362268012,122.8,0.,               931P   1276
0.697224362268012,0.,2.00000000000002,-0.541099525957162,            931P   1277
7.63278329429839D-16;                                                931P   1278
128,1,1,1,1,0,0,1,0,0,0.068722436226801,0.068722436226801,           933P   1279
0.140444872453602,0.140444872453602,-0.001,-0.001,0.201,0.201,       933P   1280
1.,1.,1.,1.,127.2,2.01,0.707224362268011,127.2,2.01,-0.01,127.2,     933P   1281
-0.01,0.707224362268011,127.2,-0.01,-0.01,0.068722436226801,         933P   1282
0.140444872453602,-0.001,0.201;                                      933P   1283
128,1,1,1,1,0,0,1,0,0,2.719,2.719,7.281,7.281,-0.001,-0.001,         935P   1284
0.201,0.201,1.,1.,1.,1.,127.19,2.01,0.,172.81,2.01,0.,127.19,        935P   1285
-0.01,0.,172.81,-0.01,0.,2.719,7.281,-0.001,0.201;                   935P   1286
128,1,1,1,1,0,0,1,0,0,-0.001,-0.001,2.281,2.281,-0.001,-0.001,       937P   1287
0.201,0.201,1.,1.,1.,1.,99.99,2.01,0.,122.81,2.01,0.,99.99,          937P   1288
-0.01,0.,122.81,-0.01,0.,-0.001,2.281,-0.001,0.201;                  937P   1289
128,1,1,1,1,0,0,1,0,0,-0.0707224362268011,-0.0707224362268011,       939P   1290
0.001,0.001,-0.001,-0.001,0.201,0.201,1.,1.,1.,1.,172.8,2.01,        939P   1291
-0.01,172.8,2.01,0.707224362268011,172.8,-0.01,-0.01,172.8,          939P   1292
-0.01,0.707224362268011,-0.0707224362268011,0.001,-0.001,0.201;      939P   1293
128,1,2,1,2,0,0,0,0,0,0.,0.,2.00000000000002,2.00000000000002,       941P   1294
-0.541099525957152,-0.541099525957152,-0.541099525957152,            941P   1295
2.26381413614985D-14,2.26381413614985D-14,2.26381413614985D-14,      941P   1296
1.,1.,0.963624111659428,0.963624111659428,1.,1.,177.2,2.,            941P   1297
0.697224362268009,177.2,0.,0.697224362268009,177.2,2.,               941P   1298
0.919104440758101,177.2,0.,0.919104440758101,177.314285714286,       941P   1299
2.,1.10928736517818,177.314285714286,0.,1.10928736517818,0.,         941P   1300
2.00000000000002,-0.541099525957152,2.26381413614985D-14;            941P   1301
128,1,6,1,2,0,0,0,0,0,0.,0.,0.8,0.8,2.05939360167551,                943P   1302
2.05939360167551,2.05939360167551,3.46732417017687,                  943P   1303
3.46732417017687,4.87525473867822,4.87525473867822,                  943P   1304
6.28318530717958,6.28318530717958,6.28318530717958,1.,1.,            943P   1305
0.76228167474733,0.76228167474733,1.,1.,0.76228167474733,            943P   1306
0.76228167474733,1.,1.,0.76228167474733,0.76228167474733,1.,1.,      943P   1307
172.685714285714,0.,1.10928736517817,172.685714285714,2.,            943P   1308
1.10928736517817,171.504874670956,0.,3.07432326322854,               943P   1309
171.504874670956,2.,3.07432326322854,173.252437335478,0.,            943P   1310
4.55816052181779,173.252437335478,2.,4.55816052181779,175.,0.,       943P   1311
6.04199778040705,175.,2.,6.04199778040705,176.747562664522,0.,       943P   1312
4.5581605218178,176.747562664522,2.,4.5581605218178,                 943P   1313
178.495125329044,0.,3.07432326322855,178.495125329044,2.,            943P   1314
3.07432326322855,177.314285714286,0.,1.10928736517818,               943P   1315
177.314285714286,2.,1.10928736517818,0.,0.8,2.05939360167551,        943P   1316
6.28318530717958;                                                    943P   1317
128,1,2,1,2,0,0,0,0,0,0.,0.,2.00000000000002,2.00000000000002,       945P   1318
-0.541099525957174,-0.541099525957174,-0.541099525957174,            945P   1319
7.63278329429839D-16,7.63278329429839D-16,7.63278329429839D-16,      945P   1320
1.,1.,0.963624111659428,0.963624111659428,1.,1.,                     945P   1321
172.685714285714,2.,1.10928736517819,172.685714285714,0.,            945P   1322
1.10928736517819,172.8,2.,0.919104440758111,172.8,0.,                945P   1323
0.919104440758111,172.8,2.,0.697224362268012,172.8,0.,               945P   1324
0.697224362268012,0.,2.00000000000002,-0.541099525957174,            945P   1325
7.63278329429839D-16;                                                945P   1326
128,1,1,1,1,0,0,1,0,0,0.068722436226801,0.068722436226801,           947P   1327
0.140444872453602,0.140444872453602,-0.001,-0.001,0.201,0.201,       947P   1328
1.,1.,1.,1.,177.2,2.01,0.707224362268011,177.2,2.01,-0.01,177.2,     947P   1329
-0.01,0.707224362268011,177.2,-0.01,-0.01,0.068722436226801,         947P   1330
0.140444872453602,-0.001,0.201;                                      947P   1331
128,1,1,1,1,0,0,1,0,0,-1.501,-1.501,1.001,1.001,-9.751,-9.751,       949P   1332
0.828962757445096,0.828962757445096,1.,1.,1.,1.,200.01,2.,25.01,     949P   1333
200.01,2.,-0.00999999999999875,94.210372425549,2.,25.01,             949P   1334
94.210372425549,2.,-0.0100000000000167,-1.501,1.001,-9.751,          949P   1335
0.828962757445096;                                                   949P   1336
128,1,2,1,2,0,0,0,0,0,0.,0.,2.00000000000002,2.00000000000002,       951P   1337
-0.541099525957149,-0.541099525957149,-0.541099525957149,            951P   1338
9.97465998686712D-15,9.97465998686712D-15,9.97465998686712D-15,      951P   1339
1.,1.,0.96362411165943,0.96362411165943,1.,1.,199.302775637732,      951P   1340
2.,12.2,199.302775637732,0.,12.2,199.080895559242,2.,12.2,           951P   1341
199.080895559242,0.,12.2,198.890712634822,2.,12.3142857142857,       951P   1342
198.890712634822,0.,12.3142857142857,0.,2.00000000000002,            951P   1343
-0.541099525957149,9.97465998686712D-15;                             951P   1344
128,1,6,1,2,0,0,0,0,0,0.,0.,0.8,0.8,2.0593936016755,                 953P   1345
2.0593936016755,2.0593936016755,3.46732417017687,                    953P   1346
3.46732417017687,4.87525473867823,4.87525473867823,                  953P   1347
6.28318530717959,6.28318530717959,6.28318530717959,1.,1.,            953P   1348
0.762281674747328,0.762281674747328,1.,1.,0.762281674747328,         953P   1349
0.762281674747328,1.,1.,0.762281674747328,0.762281674747328,1.,      953P   1350
1.,198.890712634822,0.,7.68571428571427,198.890712634822,2.,         953P   1351
7.68571428571427,196.925676736771,0.,6.50487467095627,               953P   1352
196.925676736771,2.,6.50487467095627,195.441839478182,0.,            953P   1353
8.25243733547813,195.441839478182,2.,8.25243733547813,               953P   1354
193.958002219593,0.,10.,193.958002219593,2.,10.,                     953P   1355
195.441839478182,0.,11.7475626645219,195.441839478182,2.,            953P   1356
11.7475626645219,196.925676736771,0.,13.4951253290437,               953P   1357
196.925676736771,2.,13.4951253290437,198.890712634822,0.,            953P   1358
12.3142857142857,198.890712634822,2.,12.3142857142857,0.,0.8,        953P   1359
2.0593936016755,6.28318530717959;                                    953P   1360
128,1,2,1,2,0,0,0,0,0,0.,0.,2.00000000000002,2.00000000000002,       955P   1361
-0.541099525957142,-0.541099525957142,-0.541099525957142,            955P   1362
-3.23681033759132D-15,-3.23681033759132D-15,                         955P   1363
-3.23681033759132D-15,1.,1.,0.963624111659433,0.963624111659433,     955P   1364
1.,1.,198.890712634822,2.,7.68571428571426,198.890712634822,0.,      955P   1365
7.68571428571426,199.080895559242,2.,7.79999999999997,               955P   1366
199.080895559242,0.,7.79999999999997,199.302775637732,2.,            955P   1367
7.79999999999997,199.302775637732,0.,7.79999999999997,0.,            955P   1368
2.00000000000002,-0.541099525957142,-3.23681033759132D-15;           955P   1369
128,1,1,1,1,0,0,1,0,0,-0.070722436226801,-0.070722436226801,         957P   1370
0.001,0.001,-0.001,-0.001,0.201,0.201,1.,1.,1.,1.,200.01,2.01,       957P   1371
7.8,199.292775637732,2.01,7.8,200.01,-0.01,7.8,199.292775637732,     957P   1372
-0.01,7.8,-0.070722436226801,0.001,-0.001,0.201;                     957P   1373
128,1,1,1,1,0,0,1,0,0,0.068722436226801,0.068722436226801,           959P   1374
0.140444872453602,0.140444872453602,-0.001,-0.001,0.201,0.201,       959P   1375
1.,1.,1.,1.,199.292775637732,2.01,12.2,200.01,2.01,12.2,             959P   1376
199.292775637732,-0.01,12.2,200.01,-0.01,12.2,0.068722436226801,     959P   1377
0.140444872453602,-0.001,0.201;                                      959P   1378
128,1,1,1,1,0,0,1,0,0,-2.001,-2.001,1.001,1.001,-9.751,-9.751,       961P   1379
0.828962757445096,0.828962757445096,1.,1.,1.,1.,200.01,0.,           961P   1380
-0.00999999999999875,200.01,0.,30.01,94.210372425549,0.,             961P   1381
-0.0100000000000167,94.210372425549,0.,30.01,-2.001,1.001,           961P   1382
-9.751,0.828962757445096;                                            961P   1383
128,1,1,1,1,0,0,1,0,0,1.219,1.219,3.001,3.001,-1.301,-1.301,         963P   1384
0.201,0.201,1.,1.,1.,1.,200.,15.01,12.19,200.,15.01,30.01,200.,      963P   1385
-0.01,12.19,200.,-0.0100000000000011,30.01,1.219,3.001,-1.301,       963P   1386
0.201;                                                               963P   1387
128,1,2,1,2,0,0,0,0,0,-6.25,-6.25,18.75,18.75,                       965P   1388
-0.785398163397449,-0.785398163397449,-0.785398163397449,            965P   1389
0.785398163397448,0.785398163397448,0.785398163397448,1.,1.,         965P   1390
0.707106781186548,0.707106781186548,1.,1.,100.,15.,29.,200.,15.,     965P   1391
29.,100.,15.,25.,200.,15.,25.,100.,11.,25.,200.,11.,25.,-6.25,       965P   1392
18.75,-0.785398163397449,0.785398163397448;                          965P   1393
128,1,1,1,1,0,0,1,0,0,-0.001,-0.001,0.781,0.781,-0.001,-0.001,       967P   1394
0.201,0.201,1.,1.,1.,1.,200.,2.01,-0.01,200.,2.01,7.81,200.,         967P   1395
-0.01,-0.01,200.,-0.01,7.81,-0.001,0.781,-0.001,0.201;               967P   1396
128,1,1,1,1,0,0,1,0,0,0.149,0.149,0.251,0.251,-5.001,-5.001,         969P   1397
5.001,5.001,1.,1.,1.,1.,99.99,15.,28.99,99.99,15.,30.01,200.01,      969P   1398
15.,28.99,200.01,15.,30.01,0.149,0.251,-5.001,5.001;                 969P   1399
128,1,1,1,1,0,0,1,0,0,-0.001,-0.001,10.001,10.001,-0.001,-0.001,     971P   1400
0.901,0.901,1.,1.,1.,1.,200.01,1.99,25.,99.99,1.99,25.,200.01,       971P   1401
11.01,25.,99.99,11.01,25.,-0.001,10.001,-0.001,0.901;                971P   1402
128,1,1,1,1,0,0,1,0,0,-0.001,-0.001,1.801,1.801,-1.301,-1.301,       973P   1403
0.201,0.201,1.,1.,1.,1.,100.,15.01,30.01,100.,15.01,11.99,100.,      973P   1404
-0.01,30.01,100.,-0.0100000000000011,11.99,-0.001,1.801,-1.301,      973P   1405
0.201;                                                               973P   1406
128,1,1,1,1,0,0,1,0,0,7.719,7.719,10.001,10.001,-0.001,-0.001,       975P   1407
0.201,0.201,1.,1.,1.,1.,177.19,2.01,0.,200.01,2.01,0.,177.19,        975P   1408
-0.01,0.,200.01,-0.01,0.,7.719,10.001,-0.001,0.201;                  975P   1409
128,1,1,1,1,0,0,1,0,0,2.199,2.199,3.001,3.001,-0.001,-0.001,         977P   1410
0.201,0.201,1.,1.,1.,1.,100.,2.01,8.01,100.,2.01,                    977P   1411
-0.0099999999999989,100.,-0.01,8.01,100.,-0.01,                      977P   1412
-0.0099999999999989,2.199,3.001,-0.001,0.201;                        977P   1413
128,1,1,1,1,0,0,1,0,0,-0.001,-0.001,10.001,10.001,-1.301,-1.301,     979P   1414
0.201,0.201,1.,1.,1.,1.,200.01,15.01,30.,99.99,15.01,30.,200.01,     979P   1415
-0.01,30.,99.99,-0.0099999999999989,30.,-0.001,10.001,-1.301,        979P   1416
0.201;                                                               979P   1417
128,1,1,1,1,0,0,1,0,0,-0.070722436226801,-0.070722436226801,         981P   1418
0.001,0.001,-0.001,-0.001,0.201,0.201,1.,1.,1.,1.,                   981P   1419
99.292775637732,2.01,8.,100.01,2.01,8.,99.292775637732,-0.01,8.,     981P   1420
100.01,-0.01,8.,-0.070722436226801,0.001,-0.001,0.201;               981P   1421
128,1,2,1,2,0,0,0,0,0,0.,0.,2.00000000000002,2.00000000000002,       983P   1422
-0.541099525957166,-0.541099525957166,-0.541099525957166,            983P   1423
2.74780198594729D-14,2.74780198594729D-14,2.74780198594729D-14,      983P   1424
1.,1.,0.963624111659425,0.963624111659425,1.,1.,99.302775637732,     983P   1425
0.,12.,99.302775637732,2.,12.,99.0254255396194,0.,12.,               983P   1426
99.0254255396194,2.,12.,98.7876968840943,0.,12.1428571428571,        983P   1427
98.7876968840943,2.,12.1428571428571,0.,2.00000000000002,            983P   1428
-0.541099525957166,2.74780198594729D-14;                             983P   1429
128,1,6,1,2,0,0,0,0,0,0.,0.,0.8,0.8,2.05939360167551,                985P   1430
2.05939360167551,2.05939360167551,3.46732417017687,                  985P   1431
3.46732417017687,4.87525473867822,4.87525473867822,                  985P   1432
6.28318530717958,6.28318530717958,6.28318530717958,1.,1.,            985P   1433
0.762281674747329,0.762281674747329,1.,1.,0.762281674747329,         985P   1434
0.762281674747329,1.,1.,0.762281674747329,0.762281674747329,1.,      985P   1435
1.,98.7876968840943,2.,7.85714285714285,98.7876968840943,0.,         985P   1436
7.85714285714285,96.9682192007143,2.,6.76377284347804,               985P   1437
96.9682192007143,0.,6.76377284347804,95.5942958131317,2.,            985P   1438
8.38188642173901,95.5942958131317,0.,8.38188642173901,               985P   1439
94.2203724255491,2.,9.99999999999998,94.2203724255491,0.,            985P   1440
9.99999999999998,95.5942958131317,2.,11.618113578261,                985P   1441
95.5942958131317,0.,11.618113578261,96.9682192007143,2.,             985P   1442
13.2362271565219,96.9682192007143,0.,13.2362271565219,               985P   1443
98.7876968840943,2.,12.1428571428571,98.7876968840943,0.,            985P   1444
12.1428571428571,0.,0.8,2.05939360167551,6.28318530717958;           985P   1445
128,1,2,1,2,0,0,0,0,0,0.,0.,2.00000000000002,2.00000000000002,       987P   1446
-0.54109952595716,-0.54109952595716,-0.54109952595716,               987P   1447
-3.23681033759132D-15,-3.23681033759132D-15,                         987P   1448
-3.23681033759132D-15,1.,1.,0.96362411165943,0.96362411165943,       987P   1449
1.,1.,98.7876968840943,0.,7.85714285714282,98.7876968840943,2.,      987P   1450
7.85714285714282,99.0254255396194,0.,7.99999999999997,               987P   1451
99.0254255396194,2.,7.99999999999997,99.302775637732,0.,             987P   1452
7.99999999999997,99.302775637732,2.,7.99999999999997,0.,             987P   1453
2.00000000000002,-0.54109952595716,-3.23681033759132D-15;            987P   1454
128,1,1,1,1,0,0,1,0,0,0.068722436226801,0.068722436226801,           989P   1455
0.140444872453602,0.140444872453602,-0.001,-0.001,0.201,0.201,       989P   1456
1.,1.,1.,1.,100.01,2.01,12.,99.292775637732,2.01,12.,100.01,         989P   1457
-0.01,12.,99.292775637732,-0.01,12.,0.068722436226801,               989P   1458
0.140444872453602,-0.001,0.201;                                      989P   1459
128,1,2,1,2,0,0,0,0,0,0.,0.,2.00000000000002,2.00000000000002,       991P   1460
-0.541099525957149,-0.541099525957149,-0.541099525957149,            991P   1461
9.97465998686712D-15,9.97465998686712D-15,9.97465998686712D-15,      991P   1462
1.,1.,0.96362411165943,0.96362411165943,1.,1.,199.302775637732,      991P   1463
2.,12.2,199.302775637732,0.,12.2,199.080895559242,2.,12.2,           991P   1464
199.080895559242,0.,12.2,198.890712634822,2.,12.3142857142857,       991P   1465
198.890712634822,0.,12.3142857142857,0.,2.00000000000002,            991P   1466
-0.541099525957149,9.97465998686712D-15;                             991P   1467
128,1,6,1,2,0,0,0,0,0,0.,0.,0.8,0.8,2.0593936016755,                 993P   1468
2.0593936016755,2.0593936016755,3.46732417017687,                    993P   1469
3.46732417017687,4.87525473867823,4.87525473867823,                  993P   1470
6.28318530717959,6.28318530717959,6.28318530717959,1.,1.,            993P   1471
0.762281674747328,0.762281674747328,1.,1.,0.762281674747328,         993P   1472
0.762281674747328,1.,1.,0.762281674747328,0.762281674747328,1.,      993P   1473
1.,198.890712634822,0.,7.68571428571427,198.890712634822,2.,         993P   1474
7.68571428571427,196.925676736771,0.,6.50487467095627,               993P   1475
196.925676736771,2.,6.50487467095627,195.441839478182,0.,            993P   1476
8.25243733547813,195.441839478182,2.,8.25243733547813,               993P   1477
193.958002219593,0.,10.,193.958002219593,2.,10.,                     993P   1478
195.441839478182,0.,11.7475626645219,195.441839478182,2.,            993P   1479
11.7475626645219,196.925676736771,0.,13.4951253290437,               993P   1480
196.925676736771,2.,13.4951253290437,198.890712634822,0.,            993P   1481
12.3142857142857,198.890712634822,2.,12.3142857142857,0.,0.8,        993P   1482
2.0593936016755,6.28318530717959;                                    993P   1483
128,1,2,1,2,0,0,0,0,0,0.,0.,2.00000000000002,2.00000000000002,       995P   1484
-0.541099525957142,-0.541099525957142,-0.541099525957142,            995P   1485
-3.23681033759132D-15,-3.23681033759132D-15,                         995P   1486
-3.23681033759132D-15,1.,1.,0.963624111659433,0.963624111659433,     995P   1487
1.,1.,198.890712634822,2.,7.68571428571426,198.890712634822,0.,      995P   1488
7.68571428571426,199.080895559242,2.,7.79999999999997,               995P   1489
199.080895559242,0.,7.79999999999997,199.302775637732,2.,            995P   1490
7.79999999999997,199.302775637732,0.,7.79999999999997,0.,            995P   1491
2.00000000000002,-0.541099525957142,-3.23681033759132D-15;           995P   1492
128,1,1,1,1,0,0,1,0,0,-0.070722436226801,-0.070722436226801,         997P   1493
0.001,0.001,-0.001,-0.001,0.201,0.201,1.,1.,1.,1.,200.01,2.01,       997P   1494
7.8,199.292775637732,2.01,7.8,200.01,-0.01,7.8,199.292775637732,     997P   1495
-0.01,7.8,-0.070722436226801,0.001,-0.001,0.201;                     997P   1496
128,1,1,1,1,0,0,1,0,0,0.068722436226801,0.068722436226801,           999P   1497
0.140444872453602,0.140444872453602,-0.001,-0.001,0.201,0.201,       999P   1498
1.,1.,1.,1.,199.292775637732,2.01,12.2,200.01,2.01,12.2,             999P   1499
199.292775637732,-0.01,12.2,200.01,-0.01,12.2,0.068722436226801,     999P   1500
0.140444872453602,-0.001,0.201;                                      999P   1501
128,1,1,1,1,0,0,1,0,0,-3.0789627574451,-3.0789627574451,0.501,      1001P   1502
0.501,-3.0789627574451,-3.0789627574451,7.501,7.501,1.,1.,1.,1.,    1001P   1503
94.210372425549,0.,30.01,94.210372425549,0.,-5.78962757445096,      1001P   1504
200.01,0.,30.01,200.01,0.,-5.78962757445096,-3.0789627574451,       1001P   1505
0.501,-3.0789627574451,7.501;                                       1001P   1506
128,1,1,1,1,0,0,1,0,0,1.219,1.219,3.001,3.001,-1.301,-1.301,        1003P   1507
0.201,0.201,1.,1.,1.,1.,200.,15.01,12.19,200.,15.01,30.01,200.,     1003P   1508
-0.01,12.19,200.,-0.0100000000000011,30.01,1.219,3.001,-1.301,      1003P   1509
0.201;                                                              1003P   1510
128,1,2,1,2,0,0,0,0,0,-6.25,-6.25,18.75,18.75,                      1005P   1511
-0.785398163397449,-0.785398163397449,-0.785398163397449,           1005P   1512
0.785398163397448,0.785398163397448,0.785398163397448,1.,1.,        1005P   1513
0.707106781186548,0.707106781186548,1.,1.,100.,15.,29.,200.,15.,    1005P   1514
29.,100.,15.,25.,200.,15.,25.,100.,11.,25.,200.,11.,25.,-6.25,      1005P   1515
18.75,-0.785398163397449,0.785398163397448;                         1005P   1516
128,1,1,1,1,0,0,1,0,0,-0.001,-0.001,0.781,0.781,-0.001,-0.001,      1007P   1517
0.201,0.201,1.,1.,1.,1.,200.,2.01,-0.01,200.,2.01,7.81,200.,        1007P   1518
-0.01,-0.01,200.,-0.01,7.81,-0.001,0.781,-0.001,0.201;              1007P   1519
128,1,1,1,1,0,0,1,0,0,0.149,0.149,0.251,0.251,-5.001,-5.001,        1009P   1520
5.001,5.001,1.,1.,1.,1.,99.99,15.,28.99,99.99,15.,30.01,200.01,     1009P   1521
15.,28.99,200.01,15.,30.01,0.149,0.251,-5.001,5.001;                1009P   1522
128,1,1,1,1,0,0,1,0,0,-0.001,-0.001,10.001,10.001,-0.001,-0.001,    1011P   1523
0.901,0.901,1.,1.,1.,1.,200.01,1.99,25.,99.99,1.99,25.,200.01,      1011P   1524
11.01,25.,99.99,11.01,25.,-0.001,10.001,-0.001,0.901;               1011P   1525
128,1,1,1,1,0,0,1,0,0,-0.001,-0.001,1.801,1.801,-1.301,-1.301,      1013P   1526
0.201,0.201,1.,1.,1.,1.,100.,15.01,30.01,100.,15.01,11.99,100.,     1013P   1527
-0.01,30.01,100.,-0.0100000000000011,11.99,-0.001,1.801,-1.301,     1013P   1528
0.201;                                                              1013P   1529
128,1,1,1,1,0,0,1,0,0,7.699,7.699,10.001,10.001,-0.001,-0.001,      1015P   1530
0.201,0.201,1.,1.,1.,1.,176.99,2.01,0.,200.01,2.01,0.,176.99,       1015P   1531
-0.01,0.,200.01,-0.01,0.,7.699,10.001,-0.001,0.201;                 1015P   1532
128,1,1,1,1,0,0,1,0,0,2.699,2.699,7.301,7.301,-0.001,-0.001,        1017P   1533
0.201,0.201,1.,1.,1.,1.,126.99,2.01,0.,173.01,2.01,0.,126.99,       1017P   1534
-0.01,0.,173.01,-0.01,0.,2.699,7.301,-0.001,0.201;                  1017P   1535
128,1,1,1,1,0,0,1,0,0,-0.001,-0.001,2.301,2.301,-0.001,-0.001,      1019P   1536
0.201,0.201,1.,1.,1.,1.,99.99,2.01,0.,123.01,2.01,0.,99.99,         1019P   1537
-0.01,0.,123.01,-0.01,0.,-0.001,2.301,-0.001,0.201;                 1019P   1538
128,1,1,1,1,0,0,1,0,0,2.199,2.199,3.001,3.001,-0.001,-0.001,        1021P   1539
0.201,0.201,1.,1.,1.,1.,100.,2.01,8.01,100.,2.01,                   1021P   1540
-0.0099999999999989,100.,-0.01,8.01,100.,-0.01,                     1021P   1541
-0.0099999999999989,2.199,3.001,-0.001,0.201;                       1021P   1542
128,1,1,1,1,0,0,1,0,0,-0.001,-0.001,10.001,10.001,-1.301,-1.301,    1023P   1543
0.201,0.201,1.,1.,1.,1.,200.01,15.01,30.,99.99,15.01,30.,200.01,    1023P   1544
-0.01,30.,99.99,-0.0099999999999989,30.,-0.001,10.001,-1.301,       1023P   1545
0.201;                                                              1023P   1546
128,1,1,1,1,0,0,1,0,0,-0.070722436226801,-0.070722436226801,        1025P   1547
0.001,0.001,-0.001,-0.001,0.201,0.201,1.,1.,1.,1.,                  1025P   1548
99.292775637732,2.01,8.,100.01,2.01,8.,99.292775637732,-0.01,8.,    1025P   1549
100.01,-0.01,8.,-0.070722436226801,0.001,-0.001,0.201;              1025P   1550
128,1,2,1,2,0,0,0,0,0,0.,0.,2.00000000000002,2.00000000000002,      1027P   1551
-0.541099525957166,-0.541099525957166,-0.541099525957166,           1027P   1552
2.74780198594729D-14,2.74780198594729D-14,2.74780198594729D-14,     1027P   1553
1.,1.,0.963624111659425,0.963624111659425,1.,1.,99.302775637732,    1027P   1554
0.,12.,99.302775637732,2.,12.,99.0254255396194,0.,12.,              1027P   1555
99.0254255396194,2.,12.,98.7876968840943,0.,12.1428571428571,       1027P   1556
98.7876968840943,2.,12.1428571428571,0.,2.00000000000002,           1027P   1557
-0.541099525957166,2.74780198594729D-14;                            1027P   1558
128,1,6,1,2,0,0,0,0,0,0.,0.,0.8,0.8,2.05939360167551,               1029P   1559
2.05939360167551,2.05939360167551,3.46732417017687,                 1029P   1560
3.46732417017687,4.87525473867822,4.87525473867822,                 1029P   1561
6.28318530717958,6.28318530717958,6.28318530717958,1.,1.,           1029P   1562
0.762281674747329,0.762281674747329,1.,1.,0.762281674747329,        1029P   1563
0.762281674747329,1.,1.,0.762281674747329,0.762281674747329,1.,     1029P   1564
1.,98.7876968840943,2.,7.85714285714285,98.7876968840943,0.,        1029P   1565
7.85714285714285,96.9682192007143,2.,6.76377284347804,              1029P   1566
96.9682192007143,0.,6.76377284347804,95.5942958131317,2.,           1029P   1567
8.38188642173901,95.5942958131317,0.,8.38188642173901,              1029P   1568
94.2203724255491,2.,9.99999999999998,94.2203724255491,0.,           1029P   1569
9.99999999999998,95.5942958131317,2.,11.618113578261,               1029P   1570
95.5942958131317,0.,11.618113578261,96.9682192007143,2.,            1029P   1571
13.2362271565219,96.9682192007143,0.,13.2362271565219,              1029P   1572
98.7876968840943,2.,12.1428571428571,98.7876968840943,0.,           1029P   1573
12.1428571428571,0.,0.8,2.05939360167551,6.28318530717958;          1029P   1574
128,1,2,1,2,0,0,0,0,0,0.,0.,2.00000000000002,2.00000000000002,      1031P   1575
-0.54109952595716,-0.54109952595716,-0.54109952595716,              1031P   1576
-3.23681033759132D-15,-3.23681033759132D-15,                        1031P   1577
-3.23681033759132D-15,1.,1.,0.96362411165943,0.96362411165943,      1031P   1578
1.,1.,98.7876968840943,0.,7.85714285714282,98.7876968840943,2.,     1031P   1579
7.85714285714282,99.0254255396194,0.,7.99999999999997,              1031P   1580
99.0254255396194,2.,7.99999999999997,99.302775637732,0.,            1031P   1581
7.99999999999997,99.302775637732,2.,7.99999999999997,0.,            1031P   1582
2.00000000000002,-0.54109952595716,-3.23681033759132D-15;           1031P   1583
128,1,1,1,1,0,0,1,0,0,0.068722436226801,0.068722436226801,          1033P   1584
0.140444872453602,0.140444872453602,-0.001,-0.001,0.201,0.201,      1033P   1585
1.,1.,1.,1.,100.01,2.01,12.,99.292775637732,2.01,12.,100.01,        1033P   1586
-0.01,12.,99.292775637732,-0.01,12.,0.068722436226801,              1033P   1587
0.140444872453602,-0.001,0.201;                                     1033P   1588
128,1,2,1,2,0,0,0,0,0,0.,0.,2.00000000000002,2.00000000000002,      1035P   1589
-0.541099525957151,-0.541099525957151,-0.541099525957151,           1035P   1590
1.37390099297368D-14,1.37390099297368D-14,1.37390099297368D-14,     1035P   1591
1.,1.,0.963624111659429,0.963624111659429,1.,1.,177.,2.,            1035P   1592
-0.697224362268006,177.,0.,-0.697224362268006,177.,2.,              1035P   1593
-0.974574460380623,177.,0.,-0.974574460380623,177.142857142857,     1035P   1594
2.,-1.21230311590572,177.142857142857,0.,-1.21230311590572,0.,      1035P   1595
2.00000000000002,-0.541099525957151,1.37390099297368D-14;           1035P   1596
128,1,6,1,2,0,0,0,0,0,0.,0.,0.8,0.8,2.0593936016755,                1037P   1597
2.0593936016755,2.0593936016755,3.46732417017686,                   1037P   1598
3.46732417017686,4.87525473867822,4.87525473867822,                 1037P   1599
6.28318530717958,6.28318530717958,6.28318530717958,1.,1.,           1037P   1600
0.762281674747329,0.762281674747329,1.,1.,0.762281674747329,        1037P   1601
0.762281674747329,1.,1.,0.762281674747329,0.762281674747329,1.,     1037P   1602
1.,172.857142857143,0.,-1.2123031159057,172.857142857143,2.,        1037P   1603
-1.2123031159057,171.763772843478,0.,-3.03178079928566,             1037P   1604
171.763772843478,2.,-3.03178079928566,173.381886421739,0.,          1037P   1605
-4.40570418686832,173.381886421739,2.,-4.40570418686832,175.,0.,    1037P   1606
-5.77962757445097,175.,2.,-5.77962757445097,176.618113578261,0.,    1037P   1607
-4.40570418686834,176.618113578261,2.,-4.40570418686834,            1037P   1608
178.236227156522,0.,-3.0317807992857,178.236227156522,2.,           1037P   1609
-3.0317807992857,177.142857142857,0.,-1.21230311590572,             1037P   1610
177.142857142857,2.,-1.21230311590572,0.,0.8,2.0593936016755,       1037P   1611
6.28318530717958;                                                   1037P   1612
128,1,2,1,2,0,0,0,0,0,0.,0.,2.00000000000002,2.00000000000002,      1039P   1613
-0.541099525957165,-0.541099525957165,-0.541099525957165,           1039P   1614
2.71170936169729D-29,2.71170936169729D-29,2.71170936169729D-29,     1039P   1615
1.,1.,0.963624111659429,0.963624111659429,1.,1.,                    1039P   1616
172.857142857143,2.,-1.21230311590573,172.857142857143,0.,          1039P   1617
-1.21230311590573,173.,2.,-0.97457446038063,173.,0.,                1039P   1618
-0.97457446038063,173.,2.,-0.697224362268011,173.,0.,               1039P   1619
-0.697224362268011,0.,2.00000000000002,-0.541099525957165,          1039P   1620
2.71170936169729D-29;                                               1039P   1621
128,1,1,1,1,0,0,1,0,0,-0.001,-0.001,0.0707224362268011,             1041P   1622
0.0707224362268011,-0.001,-0.001,0.201,0.201,1.,1.,1.,1.,173.,      1041P   1623
2.01,0.01,173.,2.01,-0.707224362268011,173.,-0.01,0.01,173.,        1041P   1624
-0.01,-0.707224362268011,-0.001,0.0707224362268011,-0.001,0.201;    1041P   1625
128,1,1,1,1,0,0,1,0,0,-0.00100000000000001,-0.00100000000000001,    1043P   1626
0.070722436226801,0.070722436226801,-0.001,-0.001,0.201,0.201,      1043P   1627
1.,1.,1.,1.,177.,2.01,-0.707224362268011,177.,2.01,0.01,177.,       1043P   1628
-0.01,-0.707224362268011,177.,-0.01,0.01,-0.00100000000000001,      1043P   1629
0.070722436226801,-0.001,0.201;                                     1043P   1630
128,1,1,1,1,0,0,1,0,0,-3.0789627574451,-3.0789627574451,            1045P   1631
0.00100000000000033,0.00100000000000033,-3.0789627574451,           1045P   1632
-3.0789627574451,7.501,7.501,1.,1.,1.,1.,94.210372425549,2.,        1045P   1633
-5.78962757445096,94.210372425549,2.,25.01,200.01,2.,               1045P   1634
-5.78962757445096,200.01,2.,25.01,-3.0789627574451,                 1045P   1635
0.00100000000000033,-3.0789627574451,7.501;                         1045P   1636
128,1,2,1,2,0,0,0,0,0,0.,0.,2.00000000000002,2.00000000000002,      1047P   1637
-0.541099525957151,-0.541099525957151,-0.541099525957151,           1047P   1638
7.91033905045438D-15,7.91033905045438D-15,7.91033905045438D-15,     1047P   1639
1.,1.,0.96362411165943,0.96362411165943,1.,1.,127.,2.,              1047P   1640
-0.697224362268015,127.,0.,-0.697224362268015,127.,2.,              1047P   1641
-0.974574460380627,127.,0.,-0.974574460380627,127.142857142857,     1047P   1642
2.,-1.21230311590572,127.142857142857,0.,-1.21230311590572,0.,      1047P   1643
2.00000000000002,-0.541099525957151,7.91033905045438D-15;           1047P   1644
128,1,6,1,2,0,0,0,0,0,0.,0.,0.8,0.8,2.05939360167551,               1049P   1645
2.05939360167551,2.05939360167551,3.46732417017687,                 1049P   1646
3.46732417017687,4.87525473867822,4.87525473867822,                 1049P   1647
6.28318530717958,6.28318530717958,6.28318530717958,1.,1.,           1049P   1648
0.76228167474733,0.76228167474733,1.,1.,0.76228167474733,           1049P   1649
0.76228167474733,1.,1.,0.76228167474733,0.76228167474733,1.,1.,     1049P   1650
122.857142857143,0.,-1.21230311590572,122.857142857143,2.,          1049P   1651
-1.21230311590572,121.763772843478,0.,-3.03178079928568,            1049P   1652
121.763772843478,2.,-3.03178079928568,123.381886421739,0.,          1049P   1653
-4.40570418686833,123.381886421739,2.,-4.40570418686833,125.,0.,    1049P   1654
-5.77962757445097,125.,2.,-5.77962757445097,126.618113578261,0.,    1049P   1655
-4.40570418686833,126.618113578261,2.,-4.40570418686833,            1049P   1656
128.236227156522,0.,-3.03178079928569,128.236227156522,2.,          1049P   1657
-3.03178079928569,127.142857142857,0.,-1.21230311590572,            1049P   1658
127.142857142857,2.,-1.21230311590572,0.,0.8,2.05939360167551,      1049P   1659
6.28318530717958;                                                   1049P   1660
128,1,2,1,2,0,0,0,0,0,0.,0.,2.00000000000002,2.00000000000002,      1051P   1661
-0.541099525957159,-0.541099525957159,-0.541099525957159,           1051P   1662
-2.71170936169724D-29,-2.71170936169724D-29,                        1051P   1663
-2.71170936169724D-29,1.,1.,0.96362411165943,0.96362411165943,      1051P   1664
1.,1.,122.857142857143,2.,-1.21230311590573,122.857142857143,0.,    1051P   1665
-1.21230311590573,123.,2.,-0.974574460380632,123.,0.,               1051P   1666
-0.974574460380632,123.,2.,-0.697224362268011,123.,0.,              1051P   1667
-0.697224362268011,0.,2.00000000000002,-0.541099525957159,          1051P   1668
-2.71170936169724D-29;                                              1051P   1669
128,1,1,1,1,0,0,1,0,0,-0.001,-0.001,0.0707224362268011,             1053P   1670
0.0707224362268011,-0.001,-0.001,0.201,0.201,1.,1.,1.,1.,123.,      1053P   1671
2.01,0.01,123.,2.01,-0.707224362268011,123.,-0.01,0.01,123.,        1053P   1672
-0.01,-0.707224362268011,-0.001,0.0707224362268011,-0.001,0.201;    1053P   1673
128,1,1,1,1,0,0,1,0,0,-0.00100000000000001,-0.00100000000000001,    1055P   1674
0.070722436226801,0.070722436226801,-0.001,-0.001,0.201,0.201,      1055P   1675
1.,1.,1.,1.,127.,2.01,-0.707224362268011,127.,2.01,0.01,127.,       1055P   1676
-0.01,-0.707224362268011,127.,-0.01,0.01,-0.00100000000000001,      1055P   1677
0.070722436226801,-0.001,0.201;                                     1055P   1678
502,41,207.8,2.,0.,207.8,0.,0.,207.8,2.,0.69722436226801,207.8,     1057P   1679
0.,0.69722436226801,212.2,2.,0.69722436226801,212.314285714286,     1057P   1680
2.,1.10928736517818,212.2,0.,0.69722436226801,212.314285714286,     1057P   1681
0.,1.10928736517818,207.685714285714,2.,1.10928736517818,           1057P   1682
207.685714285714,0.,1.10928736517818,212.2,0.,0.,212.2,2.,0.,       1057P   1683
230.,0.,0.,230.,0.,30.,200.,0.,30.,200.,0.,12.,199.302775637732,    1057P   1684
0.,12.,198.787696884094,0.,12.1428571428571,198.787696884094,0.,    1057P   1685
7.85714285714284,199.302775637732,0.,8.,200.,0.,8.,200.,0.,0.,      1057P   1686
225.,2.,0.,225.,11.,0.,229.,15.,0.,230.,15.,0.,200.,2.,0.,200.,     1057P   1687
2.,8.,199.302775637732,2.,8.,198.787696884094,2.,                   1057P   1688
12.1428571428571,199.302775637732,2.,12.,198.787696884094,2.,       1057P   1689
7.85714285714284,200.,2.,12.,200.,2.,25.,225.,2.,25.,200.,15.,      1057P   1690
30.,200.,15.,29.,200.,11.,25.,225.,11.,25.,229.,15.,29.,230.,       1057P   1691
15.,30.;                                                            1057P   1692
502,62,122.8,2.,0.,122.8,0.,0.,122.8,2.,0.697224362268011,122.8,    1059P   1693
0.,0.697224362268011,127.2,2.,0.697224362268011,                    1059P   1694
127.314285714286,2.,1.10928736517818,127.2,0.,0.697224362268011,    1059P   1695
127.314285714286,0.,1.10928736517818,122.685714285714,2.,           1059P   1696
1.10928736517818,122.685714285714,0.,1.10928736517818,127.2,0.,     1059P   1697
0.,127.2,2.,0.,172.8,2.,0.,172.8,0.,0.,100.,0.,0.,100.,2.,0.,       1059P   1698
172.8,2.,0.697224362268011,172.8,0.,0.697224362268011,177.2,2.,     1059P   1699
0.69722436226801,177.314285714286,2.,1.10928736517818,177.2,0.,     1059P   1700
0.69722436226801,177.314285714286,0.,1.10928736517818,              1059P   1701
172.685714285714,2.,1.10928736517818,172.685714285714,0.,           1059P   1702
1.10928736517818,177.2,0.,0.,177.2,2.,0.,100.,2.,8.,                1059P   1703
99.302775637732,2.,8.,98.7876968840943,2.,7.85714285714284,         1059P   1704
98.7876968840943,2.,12.1428571428571,99.302775637732,2.,12.,        1059P   1705
100.,2.,12.,100.,2.,25.,200.,2.,25.,200.,2.,12.2,                   1059P   1706
199.302775637732,2.,12.2,198.890712634822,2.,12.3142857142857,      1059P   1707
198.890712634822,2.,7.68571428571427,199.302775637732,2.,7.8,       1059P   1708
200.,2.,7.8,200.,2.,0.,199.302775637732,0.,12.2,                    1059P   1709
198.890712634822,0.,12.3142857142857,198.890712634822,0.,           1059P   1710
7.68571428571427,199.302775637732,0.,7.8,200.,0.,7.8,200.,0.,       1059P   1711
12.2,200.,0.,0.,200.,0.,30.,100.,0.,30.,100.,0.,12.,                1059P   1712
99.302775637732,0.,12.,98.7876968840943,0.,12.1428571428571,        1059P   1713
98.7876968840943,0.,7.85714285714284,99.302775637732,0.,8.,100.,    1059P   1714
0.,8.,200.,11.,25.,200.,15.,29.,200.,15.,30.,100.,11.,25.,100.,     1059P   1715
15.,29.,100.,15.,30.;                                               1059P   1716
502,62,199.302775637732,2.,12.2,198.890712634822,2.,                1061P   1717
12.3142857142857,199.302775637732,0.,12.2,198.890712634822,0.,      1061P   1718
12.3142857142857,198.890712634822,2.,7.68571428571426,              1061P   1719
198.890712634822,0.,7.68571428571426,199.302775637732,2.,7.8,       1061P   1720
199.302775637732,0.,7.8,200.,2.,7.8,200.,0.,7.8,200.,0.,12.2,       1061P   1721
200.,2.,12.2,200.,0.,30.,100.,0.,30.,100.,0.,12.,                   1061P   1722
99.302775637732,0.,12.,98.7876968840943,0.,12.1428571428571,        1061P   1723
98.7876968840943,0.,7.85714285714284,99.302775637732,0.,8.,100.,    1061P   1724
0.,8.,100.,0.,0.,123.,0.,0.,123.,0.,-0.697224362268011,             1061P   1725
122.857142857143,0.,-1.21230311590572,127.142857142857,0.,          1061P   1726
-1.21230311590572,127.,0.,-0.697224362268011,127.,0.,0.,173.,0.,    1061P   1727
0.,173.,0.,-0.697224362268011,172.857142857143,0.,                  1061P   1728
-1.21230311590572,177.142857142857,0.,-1.21230311590572,177.,0.,    1061P   1729
-0.697224362268011,177.,0.,0.,200.,0.,0.,200.,2.,25.,200.,11.,      1061P   1730
25.,200.,15.,29.,200.,15.,30.,100.,11.,25.,100.,15.,29.,200.,2.,    1061P   1731
0.,100.,15.,30.,100.,2.,25.,100.,2.,12.,177.,2.,0.,127.,2.,0.,      1061P   1732
173.,2.,0.,123.,2.,0.,100.,2.,0.,100.,2.,8.,99.302775637732,2.,     1061P   1733
8.,98.7876968840943,2.,12.1428571428571,99.302775637732,2.,12.,     1061P   1734
98.7876968840943,2.,7.85714285714284,177.142857142857,2.,           1061P   1735
-1.21230311590572,177.,2.,-0.697224362268011,172.857142857143,      1061P   1736
2.,-1.21230311590572,173.,2.,-0.697224362268011,127.,2.,            1061P   1737
-0.697224362268011,127.142857142857,2.,-1.21230311590572,           1061P   1738
122.857142857143,2.,-1.21230311590572,123.,2.,                      1061P   1739
-0.697224362268011;                                                 1061P   1740
504,62,383,1057,1,1057,2,385,1057,3,1057,1,387,1057,3,1057,4,       1063P   1741
389,1057,2,1057,4,391,1057,5,1057,6,393,1057,5,1057,7,395,1057,     1063P   1742
8,1057,7,397,1057,6,1057,8,399,1057,6,1057,9,401,1057,10,1057,8,    1063P   1743
403,1057,9,1057,10,405,1057,9,1057,3,407,1057,4,1057,10,409,        1063P   1744
1057,11,1057,12,411,1057,7,1057,11,413,1057,12,1057,5,415,1057,     1063P   1745
11,1057,13,417,1057,13,1057,14,419,1057,14,1057,15,421,1057,15,     1063P   1746
1057,16,423,1057,16,1057,17,425,1057,18,1057,17,427,1057,19,        1063P   1747
1057,18,429,1057,20,1057,19,431,1057,20,1057,21,433,1057,21,        1063P   1748
1057,22,435,1057,22,1057,2,437,1057,12,1057,23,439,1057,23,1057,    1063P   1749
24,441,1057,25,1057,24,443,1057,26,1057,25,445,1057,13,1057,26,     1063P   1750
447,1057,27,1057,22,449,1057,27,1057,1,451,1057,21,1057,28,453,     1063P   1751
1057,29,1057,20,455,1057,29,1057,28,457,1057,30,1057,31,459,        1063P   1752
1057,30,1057,18,461,1057,31,1057,17,463,1057,30,1057,32,465,        1063P   1753
1057,32,1057,19,467,1057,29,1057,32,469,1057,33,1057,16,471,        1063P   1754
1057,31,1057,33,473,1057,28,1057,27,475,1057,34,1057,33,477,        1063P   1755
1057,34,1057,35,479,1057,35,1057,23,481,1057,36,1057,15,483,        1063P   1756
1057,37,1057,36,485,1057,38,1057,37,487,1057,34,1057,38,489,        1063P   1757
1057,39,1057,38,491,1057,37,1057,40,493,1057,40,1057,39,495,        1063P   1758
1057,40,1057,25,497,1057,24,1057,39,499,1057,36,1057,41,501,        1063P   1759
1057,41,1057,26,503,1057,35,1057,39,505,1057,14,1057,41;            1063P   1760
504,93,507,1059,1,1059,2,509,1059,3,1059,1,511,1059,3,1059,4,       1065P   1761
513,1059,2,1059,4,515,1059,5,1059,6,517,1059,5,1059,7,519,1059,     1065P   1762
8,1059,7,521,1059,6,1059,8,523,1059,6,1059,9,525,1059,10,1059,8,    1065P   1763
527,1059,9,1059,10,529,1059,9,1059,3,531,1059,4,1059,10,533,        1065P   1764
1059,11,1059,12,535,1059,7,1059,11,537,1059,12,1059,5,539,1059,     1065P   1765
12,1059,13,541,1059,13,1059,14,543,1059,11,1059,14,545,1059,15,     1065P   1766
1059,2,547,1059,16,1059,15,549,1059,16,1059,1,551,1059,17,1059,     1065P   1767
13,553,1059,17,1059,18,555,1059,14,1059,18,557,1059,19,1059,20,     1065P   1768
559,1059,19,1059,21,561,1059,22,1059,21,563,1059,20,1059,22,565,    1065P   1769
1059,20,1059,23,567,1059,24,1059,22,569,1059,23,1059,24,571,        1065P   1770
1059,23,1059,17,573,1059,18,1059,24,575,1059,25,1059,26,577,        1065P   1771
1059,21,1059,25,579,1059,26,1059,19,581,1059,27,1059,16,583,        1065P   1772
1059,28,1059,27,585,1059,28,1059,29,587,1059,30,1059,29,589,        1065P   1773
1059,30,1059,31,591,1059,31,1059,32,593,1059,33,1059,32,595,        1065P   1774
1059,33,1059,34,597,1059,35,1059,34,599,1059,35,1059,36,601,        1065P   1775
1059,36,1059,37,603,1059,37,1059,38,605,1059,38,1059,39,607,        1065P   1776
1059,39,1059,40,609,1059,41,1059,40,611,1059,26,1059,41,613,        1065P   1777
1059,36,1059,42,615,1059,43,1059,42,617,1059,37,1059,43,619,        1065P   1778
1059,44,1059,43,621,1059,38,1059,44,623,1059,45,1059,44,625,        1065P   1779
1059,39,1059,45,627,1059,40,1059,46,629,1059,46,1059,45,631,        1065P   1780
1059,47,1059,35,633,1059,42,1059,47,635,1059,25,1059,48,637,        1065P   1781
1059,48,1059,46,639,1059,47,1059,49,641,1059,49,1059,50,643,        1065P   1782
1059,50,1059,51,645,1059,51,1059,52,647,1059,53,1059,52,649,        1065P   1783
1059,54,1059,53,651,1059,55,1059,54,653,1059,55,1059,56,655,        1065P   1784
1059,56,1059,15,657,1059,34,1059,57,659,1059,58,1059,57,661,        1065P   1785
1059,59,1059,58,663,1059,49,1059,59,665,1059,60,1059,61,667,        1065P   1786
1059,61,1059,58,669,1059,57,1059,60,671,1059,41,1059,48,673,        1065P   1787
1059,61,1059,62,675,1059,62,1059,59,677,1059,33,1059,60,679,        1065P   1788
1059,51,1059,32,681,1059,62,1059,50,683,1059,27,1059,56,685,        1065P   1789
1059,28,1059,55,687,1059,30,1059,53,689,1059,31,1059,52,691,        1065P   1790
1059,29,1059,54;                                                    1065P   1791
504,93,693,1061,1,1061,2,695,1061,1,1061,3,697,1061,4,1061,3,       1067P   1792
699,1061,2,1061,4,701,1061,2,1061,5,703,1061,6,1061,4,705,1061,     1067P   1793
5,1061,6,707,1061,5,1061,7,709,1061,8,1061,6,711,1061,7,1061,8,     1067P   1794
713,1061,9,1061,10,715,1061,7,1061,9,717,1061,10,1061,8,719,        1067P   1795
1061,11,1061,12,721,1061,3,1061,11,723,1061,12,1061,1,725,1061,     1067P   1796
11,1061,13,727,1061,13,1061,14,729,1061,14,1061,15,731,1061,15,     1067P   1797
1061,16,733,1061,17,1061,16,735,1061,18,1061,17,737,1061,19,        1067P   1798
1061,18,739,1061,19,1061,20,741,1061,20,1061,21,743,1061,21,        1067P   1799
1061,22,745,1061,22,1061,23,747,1061,23,1061,24,749,1061,24,        1067P   1800
1061,25,751,1061,25,1061,26,753,1061,26,1061,27,755,1061,27,        1067P   1801
1061,28,757,1061,28,1061,29,759,1061,29,1061,30,761,1061,30,        1067P   1802
1061,31,763,1061,31,1061,32,765,1061,32,1061,33,767,1061,33,        1067P   1803
1061,34,769,1061,34,1061,10,771,1061,12,1061,35,773,1061,35,        1067P   1804
1061,36,775,1061,37,1061,36,777,1061,38,1061,37,779,1061,13,        1067P   1805
1061,38,781,1061,39,1061,40,783,1061,40,1061,37,785,1061,36,        1067P   1806
1061,39,787,1061,41,1061,34,789,1061,41,1061,9,791,1061,40,1061,    1067P   1807
42,793,1061,42,1061,38,795,1061,43,1061,35,797,1061,43,1061,39,     1067P   1808
799,1061,43,1061,44,801,1061,15,1061,44,803,1061,42,1061,14,805,    1067P   1809
1061,33,1061,45,807,1061,45,1061,41,809,1061,27,1061,46,811,        1067P   1810
1061,46,1061,47,813,1061,47,1061,28,815,1061,48,1061,22,817,        1067P   1811
1061,49,1061,21,819,1061,49,1061,48,821,1061,50,1061,20,823,        1067P   1812
1061,50,1061,49,825,1061,51,1061,19,827,1061,51,1061,50,829,        1067P   1813
1061,52,1061,53,831,1061,52,1061,17,833,1061,53,1061,16,835,        1067P   1814
1061,52,1061,54,837,1061,54,1061,18,839,1061,51,1061,54,841,        1067P   1815
1061,53,1061,44,843,1061,55,1061,56,845,1061,56,1061,32,847,        1067P   1816
1061,55,1061,31,849,1061,55,1061,57,851,1061,57,1061,30,853,        1067P   1817
1061,58,1061,57,855,1061,58,1061,29,857,1061,47,1061,58,859,        1067P   1818
1061,45,1061,56,861,1061,46,1061,59,863,1061,60,1061,59,865,        1067P   1819
1061,60,1061,61,867,1061,62,1061,61,869,1061,48,1061,62,871,        1067P   1820
1061,59,1061,26,873,1061,60,1061,25,875,1061,61,1061,24,877,        1067P   1821
1061,62,1061,23;                                                    1067P   1822
406,1,9HRand-Ecke;                                                  1069P   1823
406,1,28HKidslab Platte Randecke v5:1;                              1071P   1824
406,1,13HBorder 2 Long;                                             1073P   1825
406,1,33HKidslab Platte Invert Rand 2 v3:1;                         1075P   1826
406,1,26HKidslab Platte Rand 2 v5:1;                                1077P   1827
314,96.4705882352941,96.4705882352941,95.2941176470588,25HKunsts    1079P   1828
toff - matt (Weiß);                                                1079P   1829
314,62.7450980392157,62.7450980392157,62.7450980392157,17HStahl     1081P   1830
- satiniert;                                                        1081P   1831
S      1G      3D   1082P   1831                                        T      1
